,電影名稱,電影場次,電影評分,預告片,封面,影城,地址,票價,分類,票房,金額
0,奇異博士2：失控多重宇宙,00:15,98%,https://movies.yahoo.com.tw/video/%E5%A5%87%E7%95%B0%E5%8D%9A%E5%A3%AB2-%E5%A4%B1%E6%8E%A7%E5%A4%9A%E9%87%8D%E5%AE%87%E5%AE%99-%E5%A4%A2%E9%AD%98%E7%AF%87%E9%A0%90%E5%91%8A-063947770.html?movie_id=12136,https://movies.yahoo.com.tw/x/r/w420/i/o/production/movies/March2022/rzHcO2XZWzQxrMn1TlMG-1280x1827.jpg,欣欣秀泰,台北市中山區林森北路247號4樓,290,"['動作', '奇幻', '劇情']",762386,202549418.0
1,奇異博士2：失控多重宇宙,00:10,98%,https://movies.yahoo.com.tw/video/%E5%A5%87%E7%95%B0%E5%8D%9A%E5%A3%AB2-%E5%A4%B1%E6%8E%A7%E5%A4%9A%E9%87%8D%E5%AE%87%E5%AE%99-%E5%A4%A2%E9%AD%98%E7%AF%87%E9%A0%90%E5%91%8A-063947770.html?movie_id=12136,https://movies.yahoo.com.tw/x/r/w420/i/o/production/movies/March2022/rzHcO2XZWzQxrMn1TlMG-1280x1827.jpg,板橋秀泰,新北市板橋區縣民大道2段3號,290,"['動作', '奇幻', '劇情']",762386,202549418.0
2,奇異博士2：失控多重宇宙,09:30,98%,https://movies.yahoo.com.tw/video/%E5%A5%87%E7%95%B0%E5%8D%9A%E5%A3%AB2-%E5%A4%B1%E6%8E%A7%E5%A4%9A%E9%87%8D%E5%AE%87%E5%AE%99-%E5%A4%A2%E9%AD%98%E7%AF%87%E9%A0%90%E5%91%8A-063947770.html?movie_id=12136,https://movies.yahoo.com.tw/x/r/w420/i/o/production/movies/March2022/rzHcO2XZWzQxrMn1TlMG-1280x1827.jpg,信義威秀,台北市信義區松壽路18號,340,"['動作', '奇幻', '劇情']",762386,202549418.0
3,奇異博士2：失控多重宇宙,10:20,98%,https://movies.yahoo.com.tw/video/%E5%A5%87%E7%95%B0%E5%8D%9A%E5%A3%AB2-%E5%A4%B1%E6%8E%A7%E5%A4%9A%E9%87%8D%E5%AE%87%E5%AE%99-%E5%A4%A2%E9%AD%98%E7%AF%87%E9%A0%90%E5%91%8A-063947770.html?movie_id=12136,https://movies.yahoo.com.tw/x/r/w420/i/o/production/movies/March2022/rzHcO2XZWzQxrMn1TlMG-1280x1827.jpg,信義威秀,台北市信義區松壽路18號,340,"['動作', '奇幻', '劇情']",762386,202549418.0
4,奇異博士2：失控多重宇宙,11:10,98%,https://movies.yahoo.com.tw/video/%E5%A5%87%E7%95%B0%E5%8D%9A%E5%A3%AB2-%E5%A4%B1%E6%8E%A7%E5%A4%9A%E9%87%8D%E5%AE%87%E5%AE%99-%E5%A4%A2%E9%AD%98%E7%AF%87%E9%A0%90%E5%91%8A-063947770.html?movie_id=12136,https://movies.yahoo.com.tw/x/r/w420/i/o/production/movies/March2022/rzHcO2XZWzQxrMn1TlMG-1280x1827.jpg,信義威秀,台北市信義區松壽路18號,340,"['動作', '奇幻', '劇情']",762386,202549418.0
5,奇異博士2：失控多重宇宙,12:00,98%,https://movies.yahoo.com.tw/video/%E5%A5%87%E7%95%B0%E5%8D%9A%E5%A3%AB2-%E5%A4%B1%E6%8E%A7%E5%A4%9A%E9%87%8D%E5%AE%87%E5%AE%99-%E5%A4%A2%E9%AD%98%E7%AF%87%E9%A0%90%E5%91%8A-063947770.html?movie_id=12136,https://movies.yahoo.com.tw/x/r/w420/i/o/production/movies/March2022/rzHcO2XZWzQxrMn1TlMG-1280x1827.jpg,信義威秀,台北市信義區松壽路18號,340,"['動作', '奇幻', '劇情']",762386,202549418.0
6,奇異博士2：失控多重宇宙,12:50,98%,https://movies.yahoo.com.tw/video/%E5%A5%87%E7%95%B0%E5%8D%9A%E5%A3%AB2-%E5%A4%B1%E6%8E%A7%E5%A4%9A%E9%87%8D%E5%AE%87%E5%AE%99-%E5%A4%A2%E9%AD%98%E7%AF%87%E9%A0%90%E5%91%8A-063947770.html?movie_id=12136,https://movies.yahoo.com.tw/x/r/w420/i/o/production/movies/March2022/rzHcO2XZWzQxrMn1TlMG-1280x1827.jpg,信義威秀,台北市信義區松壽路18號,340,"['動作', '奇幻', '劇情']",762386,202549418.0
7,奇異博士2：失控多重宇宙,13:40,98%,https://movies.yahoo.com.tw/video/%E5%A5%87%E7%95%B0%E5%8D%9A%E5%A3%AB2-%E5%A4%B1%E6%8E%A7%E5%A4%9A%E9%87%8D%E5%AE%87%E5%AE%99-%E5%A4%A2%E9%AD%98%E7%AF%87%E9%A0%90%E5%91%8A-063947770.html?movie_id=12136,https://movies.yahoo.com.tw/x/r/w420/i/o/production/movies/March2022/rzHcO2XZWzQxrMn1TlMG-1280x1827.jpg,信義威秀,台北市信義區松壽路18號,340,"['動作', '奇幻', '劇情']",762386,202549418.0
8,奇異博士2：失控多重宇宙,14:30,98%,https://movies.yahoo.com.tw/video/%E5%A5%87%E7%95%B0%E5%8D%9A%E5%A3%AB2-%E5%A4%B1%E6%8E%A7%E5%A4%9A%E9%87%8D%E5%AE%87%E5%AE%99-%E5%A4%A2%E9%AD%98%E7%AF%87%E9%A0%90%E5%91%8A-063947770.html?movie_id=12136,https://movies.yahoo.com.tw/x/r/w420/i/o/production/movies/March2022/rzHcO2XZWzQxrMn1TlMG-1280x1827.jpg,信義威秀,台北市信義區松壽路18號,340,"['動作', '奇幻', '劇情']",762386,202549418.0
9,奇異博士2：失控多重宇宙,15:20,98%,https://movies.yahoo.com.tw/video/%E5%A5%87%E7%95%B0%E5%8D%9A%E5%A3%AB2-%E5%A4%B1%E6%8E%A7%E5%A4%9A%E9%87%8D%E5%AE%87%E5%AE%99-%E5%A4%A2%E9%AD%98%E7%AF%87%E9%A0%90%E5%91%8A-063947770.html?movie_id=12136,https://movies.yahoo.com.tw/x/r/w420/i/o/production/movies/March2022/rzHcO2XZWzQxrMn1TlMG-1280x1827.jpg,信義威秀,台北市信義區松壽路18號,340,"['動作', '奇幻', '劇情']",762386,202549418.0
10,奇異博士2：失控多重宇宙,16:10,98%,https://movies.yahoo.com.tw/video/%E5%A5%87%E7%95%B0%E5%8D%9A%E5%A3%AB2-%E5%A4%B1%E6%8E%A7%E5%A4%9A%E9%87%8D%E5%AE%87%E5%AE%99-%E5%A4%A2%E9%AD%98%E7%AF%87%E9%A0%90%E5%91%8A-063947770.html?movie_id=12136,https://movies.yahoo.com.tw/x/r/w420/i/o/production/movies/March2022/rzHcO2XZWzQxrMn1TlMG-1280x1827.jpg,信義威秀,台北市信義區松壽路18號,340,"['動作', '奇幻', '劇情']",762386,202549418.0
11,奇異博士2：失控多重宇宙,17:00,98%,https://movies.yahoo.com.tw/video/%E5%A5%87%E7%95%B0%E5%8D%9A%E5%A3%AB2-%E5%A4%B1%E6%8E%A7%E5%A4%9A%E9%87%8D%E5%AE%87%E5%AE%99-%E5%A4%A2%E9%AD%98%E7%AF%87%E9%A0%90%E5%91%8A-063947770.html?movie_id=12136,https://movies.yahoo.com.tw/x/r/w420/i/o/production/movies/March2022/rzHcO2XZWzQxrMn1TlMG-1280x1827.jpg,信義威秀,台北市信義區松壽路18號,340,"['動作', '奇幻', '劇情']",762386,202549418.0
12,奇異博士2：失控多重宇宙,17:50,98%,https://movies.yahoo.com.tw/video/%E5%A5%87%E7%95%B0%E5%8D%9A%E5%A3%AB2-%E5%A4%B1%E6%8E%A7%E5%A4%9A%E9%87%8D%E5%AE%87%E5%AE%99-%E5%A4%A2%E9%AD%98%E7%AF%87%E9%A0%90%E5%91%8A-063947770.html?movie_id=12136,https://movies.yahoo.com.tw/x/r/w420/i/o/production/movies/March2022/rzHcO2XZWzQxrMn1TlMG-1280x1827.jpg,信義威秀,台北市信義區松壽路18號,340,"['動作', '奇幻', '劇情']",762386,202549418.0
13,奇異博士2：失控多重宇宙,18:40,98%,https://movies.yahoo.com.tw/video/%E5%A5%87%E7%95%B0%E5%8D%9A%E5%A3%AB2-%E5%A4%B1%E6%8E%A7%E5%A4%9A%E9%87%8D%E5%AE%87%E5%AE%99-%E5%A4%A2%E9%AD%98%E7%AF%87%E9%A0%90%E5%91%8A-063947770.html?movie_id=12136,https://movies.yahoo.com.tw/x/r/w420/i/o/production/movies/March2022/rzHcO2XZWzQxrMn1TlMG-1280x1827.jpg,信義威秀,台北市信義區松壽路18號,340,"['動作', '奇幻', '劇情']",762386,202549418.0
14,奇異博士2：失控多重宇宙,19:30,98%,https://movies.yahoo.com.tw/video/%E5%A5%87%E7%95%B0%E5%8D%9A%E5%A3%AB2-%E5%A4%B1%E6%8E%A7%E5%A4%9A%E9%87%8D%E5%AE%87%E5%AE%99-%E5%A4%A2%E9%AD%98%E7%AF%87%E9%A0%90%E5%91%8A-063947770.html?movie_id=12136,https://movies.yahoo.com.tw/x/r/w420/i/o/production/movies/March2022/rzHcO2XZWzQxrMn1TlMG-1280x1827.jpg,信義威秀,台北市信義區松壽路18號,340,"['動作', '奇幻', '劇情']",762386,202549418.0
15,奇異博士2：失控多重宇宙,20:20,98%,https://movies.yahoo.com.tw/video/%E5%A5%87%E7%95%B0%E5%8D%9A%E5%A3%AB2-%E5%A4%B1%E6%8E%A7%E5%A4%9A%E9%87%8D%E5%AE%87%E5%AE%99-%E5%A4%A2%E9%AD%98%E7%AF%87%E9%A0%90%E5%91%8A-063947770.html?movie_id=12136,https://movies.yahoo.com.tw/x/r/w420/i/o/production/movies/March2022/rzHcO2XZWzQxrMn1TlMG-1280x1827.jpg,信義威秀,台北市信義區松壽路18號,340,"['動作', '奇幻', '劇情']",762386,202549418.0
16,奇異博士2：失控多重宇宙,21:10,98%,https://movies.yahoo.com.tw/video/%E5%A5%87%E7%95%B0%E5%8D%9A%E5%A3%AB2-%E5%A4%B1%E6%8E%A7%E5%A4%9A%E9%87%8D%E5%AE%87%E5%AE%99-%E5%A4%A2%E9%AD%98%E7%AF%87%E9%A0%90%E5%91%8A-063947770.html?movie_id=12136,https://movies.yahoo.com.tw/x/r/w420/i/o/production/movies/March2022/rzHcO2XZWzQxrMn1TlMG-1280x1827.jpg,信義威秀,台北市信義區松壽路18號,340,"['動作', '奇幻', '劇情']",762386,202549418.0
17,奇異博士2：失控多重宇宙,22:00,98%,https://movies.yahoo.com.tw/video/%E5%A5%87%E7%95%B0%E5%8D%9A%E5%A3%AB2-%E5%A4%B1%E6%8E%A7%E5%A4%9A%E9%87%8D%E5%AE%87%E5%AE%99-%E5%A4%A2%E9%AD%98%E7%AF%87%E9%A0%90%E5%91%8A-063947770.html?movie_id=12136,https://movies.yahoo.com.tw/x/r/w420/i/o/production/movies/March2022/rzHcO2XZWzQxrMn1TlMG-1280x1827.jpg,信義威秀,台北市信義區松壽路18號,340,"['動作', '奇幻', '劇情']",762386,202549418.0
18,奇異博士2：失控多重宇宙,22:50,98%,https://movies.yahoo.com.tw/video/%E5%A5%87%E7%95%B0%E5%8D%9A%E5%A3%AB2-%E5%A4%B1%E6%8E%A7%E5%A4%9A%E9%87%8D%E5%AE%87%E5%AE%99-%E5%A4%A2%E9%AD%98%E7%AF%87%E9%A0%90%E5%91%8A-063947770.html?movie_id=12136,https://movies.yahoo.com.tw/x/r/w420/i/o/production/movies/March2022/rzHcO2XZWzQxrMn1TlMG-1280x1827.jpg,信義威秀,台北市信義區松壽路18號,340,"['動作', '奇幻', '劇情']",762386,202549418.0
19,奇異博士2：失控多重宇宙,23:40,98%,https://movies.yahoo.com.tw/video/%E5%A5%87%E7%95%B0%E5%8D%9A%E5%A3%AB2-%E5%A4%B1%E6%8E%A7%E5%A4%9A%E9%87%8D%E5%AE%87%E5%AE%99-%E5%A4%A2%E9%AD%98%E7%AF%87%E9%A0%90%E5%91%8A-063947770.html?movie_id=12136,https://movies.yahoo.com.tw/x/r/w420/i/o/production/movies/March2022/rzHcO2XZWzQxrMn1TlMG-1280x1827.jpg,信義威秀,台北市信義區松壽路18號,340,"['動作', '奇幻', '劇情']",762386,202549418.0
20,奇異博士2：失控多重宇宙,09:40,98%,https://movies.yahoo.com.tw/video/%E5%A5%87%E7%95%B0%E5%8D%9A%E5%A3%AB2-%E5%A4%B1%E6%8E%A7%E5%A4%9A%E9%87%8D%E5%AE%87%E5%AE%99-%E5%A4%A2%E9%AD%98%E7%AF%87%E9%A0%90%E5%91%8A-063947770.html?movie_id=12136,https://movies.yahoo.com.tw/x/r/w420/i/o/production/movies/March2022/rzHcO2XZWzQxrMn1TlMG-1280x1827.jpg,板橋大遠百威秀,新北市板橋區新站路28號10樓,330,"['動作', '奇幻', '劇情']",762386,202549418.0
21,奇異博士2：失控多重宇宙,10:40,98%,https://movies.yahoo.com.tw/video/%E5%A5%87%E7%95%B0%E5%8D%9A%E5%A3%AB2-%E5%A4%B1%E6%8E%A7%E5%A4%9A%E9%87%8D%E5%AE%87%E5%AE%99-%E5%A4%A2%E9%AD%98%E7%AF%87%E9%A0%90%E5%91%8A-063947770.html?movie_id=12136,https://movies.yahoo.com.tw/x/r/w420/i/o/production/movies/March2022/rzHcO2XZWzQxrMn1TlMG-1280x1827.jpg,板橋大遠百威秀,新北市板橋區新站路28號10樓,330,"['動作', '奇幻', '劇情']",762386,202549418.0
22,奇異博士2：失控多重宇宙,12:10,98%,https://movies.yahoo.com.tw/video/%E5%A5%87%E7%95%B0%E5%8D%9A%E5%A3%AB2-%E5%A4%B1%E6%8E%A7%E5%A4%9A%E9%87%8D%E5%AE%87%E5%AE%99-%E5%A4%A2%E9%AD%98%E7%AF%87%E9%A0%90%E5%91%8A-063947770.html?movie_id=12136,https://movies.yahoo.com.tw/x/r/w420/i/o/production/movies/March2022/rzHcO2XZWzQxrMn1TlMG-1280x1827.jpg,板橋大遠百威秀,新北市板橋區新站路28號10樓,330,"['動作', '奇幻', '劇情']",762386,202549418.0
23,奇異博士2：失控多重宇宙,13:10,98%,https://movies.yahoo.com.tw/video/%E5%A5%87%E7%95%B0%E5%8D%9A%E5%A3%AB2-%E5%A4%B1%E6%8E%A7%E5%A4%9A%E9%87%8D%E5%AE%87%E5%AE%99-%E5%A4%A2%E9%AD%98%E7%AF%87%E9%A0%90%E5%91%8A-063947770.html?movie_id=12136,https://movies.yahoo.com.tw/x/r/w420/i/o/production/movies/March2022/rzHcO2XZWzQxrMn1TlMG-1280x1827.jpg,板橋大遠百威秀,新北市板橋區新站路28號10樓,330,"['動作', '奇幻', '劇情']",762386,202549418.0
24,奇異博士2：失控多重宇宙,14:40,98%,https://movies.yahoo.com.tw/video/%E5%A5%87%E7%95%B0%E5%8D%9A%E5%A3%AB2-%E5%A4%B1%E6%8E%A7%E5%A4%9A%E9%87%8D%E5%AE%87%E5%AE%99-%E5%A4%A2%E9%AD%98%E7%AF%87%E9%A0%90%E5%91%8A-063947770.html?movie_id=12136,https://movies.yahoo.com.tw/x/r/w420/i/o/production/movies/March2022/rzHcO2XZWzQxrMn1TlMG-1280x1827.jpg,板橋大遠百威秀,新北市板橋區新站路28號10樓,330,"['動作', '奇幻', '劇情']",762386,202549418.0
25,奇異博士2：失控多重宇宙,15:40,98%,https://movies.yahoo.com.tw/video/%E5%A5%87%E7%95%B0%E5%8D%9A%E5%A3%AB2-%E5%A4%B1%E6%8E%A7%E5%A4%9A%E9%87%8D%E5%AE%87%E5%AE%99-%E5%A4%A2%E9%AD%98%E7%AF%87%E9%A0%90%E5%91%8A-063947770.html?movie_id=12136,https://movies.yahoo.com.tw/x/r/w420/i/o/production/movies/March2022/rzHcO2XZWzQxrMn1TlMG-1280x1827.jpg,板橋大遠百威秀,新北市板橋區新站路28號10樓,330,"['動作', '奇幻', '劇情']",762386,202549418.0
26,奇異博士2：失控多重宇宙,17:10,98%,https://movies.yahoo.com.tw/video/%E5%A5%87%E7%95%B0%E5%8D%9A%E5%A3%AB2-%E5%A4%B1%E6%8E%A7%E5%A4%9A%E9%87%8D%E5%AE%87%E5%AE%99-%E5%A4%A2%E9%AD%98%E7%AF%87%E9%A0%90%E5%91%8A-063947770.html?movie_id=12136,https://movies.yahoo.com.tw/x/r/w420/i/o/production/movies/March2022/rzHcO2XZWzQxrMn1TlMG-1280x1827.jpg,板橋大遠百威秀,新北市板橋區新站路28號10樓,330,"['動作', '奇幻', '劇情']",762386,202549418.0
27,奇異博士2：失控多重宇宙,18:10,98%,https://movies.yahoo.com.tw/video/%E5%A5%87%E7%95%B0%E5%8D%9A%E5%A3%AB2-%E5%A4%B1%E6%8E%A7%E5%A4%9A%E9%87%8D%E5%AE%87%E5%AE%99-%E5%A4%A2%E9%AD%98%E7%AF%87%E9%A0%90%E5%91%8A-063947770.html?movie_id=12136,https://movies.yahoo.com.tw/x/r/w420/i/o/production/movies/March2022/rzHcO2XZWzQxrMn1TlMG-1280x1827.jpg,板橋大遠百威秀,新北市板橋區新站路28號10樓,330,"['動作', '奇幻', '劇情']",762386,202549418.0
28,奇異博士2：失控多重宇宙,19:40,98%,https://movies.yahoo.com.tw/video/%E5%A5%87%E7%95%B0%E5%8D%9A%E5%A3%AB2-%E5%A4%B1%E6%8E%A7%E5%A4%9A%E9%87%8D%E5%AE%87%E5%AE%99-%E5%A4%A2%E9%AD%98%E7%AF%87%E9%A0%90%E5%91%8A-063947770.html?movie_id=12136,https://movies.yahoo.com.tw/x/r/w420/i/o/production/movies/March2022/rzHcO2XZWzQxrMn1TlMG-1280x1827.jpg,板橋大遠百威秀,新北市板橋區新站路28號10樓,330,"['動作', '奇幻', '劇情']",762386,202549418.0
29,奇異博士2：失控多重宇宙,20:40,98%,https://movies.yahoo.com.tw/video/%E5%A5%87%E7%95%B0%E5%8D%9A%E5%A3%AB2-%E5%A4%B1%E6%8E%A7%E5%A4%9A%E9%87%8D%E5%AE%87%E5%AE%99-%E5%A4%A2%E9%AD%98%E7%AF%87%E9%A0%90%E5%91%8A-063947770.html?movie_id=12136,https://movies.yahoo.com.tw/x/r/w420/i/o/production/movies/March2022/rzHcO2XZWzQxrMn1TlMG-1280x1827.jpg,板橋大遠百威秀,新北市板橋區新站路28號10樓,330,"['動作', '奇幻', '劇情']",762386,202549418.0
30,奇異博士2：失控多重宇宙,22:10,98%,https://movies.yahoo.com.tw/video/%E5%A5%87%E7%95%B0%E5%8D%9A%E5%A3%AB2-%E5%A4%B1%E6%8E%A7%E5%A4%9A%E9%87%8D%E5%AE%87%E5%AE%99-%E5%A4%A2%E9%AD%98%E7%AF%87%E9%A0%90%E5%91%8A-063947770.html?movie_id=12136,https://movies.yahoo.com.tw/x/r/w420/i/o/production/movies/March2022/rzHcO2XZWzQxrMn1TlMG-1280x1827.jpg,板橋大遠百威秀,新北市板橋區新站路28號10樓,330,"['動作', '奇幻', '劇情']",762386,202549418.0
31,奇異博士2：失控多重宇宙,23:10,98%,https://movies.yahoo.com.tw/video/%E5%A5%87%E7%95%B0%E5%8D%9A%E5%A3%AB2-%E5%A4%B1%E6%8E%A7%E5%A4%9A%E9%87%8D%E5%AE%87%E5%AE%99-%E5%A4%A2%E9%AD%98%E7%AF%87%E9%A0%90%E5%91%8A-063947770.html?movie_id=12136,https://movies.yahoo.com.tw/x/r/w420/i/o/production/movies/March2022/rzHcO2XZWzQxrMn1TlMG-1280x1827.jpg,板橋大遠百威秀,新北市板橋區新站路28號10樓,330,"['動作', '奇幻', '劇情']",762386,202549418.0
32,奇異博士2：失控多重宇宙,12:55,98%,https://movies.yahoo.com.tw/video/%E5%A5%87%E7%95%B0%E5%8D%9A%E5%A3%AB2-%E5%A4%B1%E6%8E%A7%E5%A4%9A%E9%87%8D%E5%AE%87%E5%AE%99-%E5%A4%A2%E9%AD%98%E7%AF%87%E9%A0%90%E5%91%8A-063947770.html?movie_id=12136,https://movies.yahoo.com.tw/x/r/w420/i/o/production/movies/March2022/rzHcO2XZWzQxrMn1TlMG-1280x1827.jpg,喜滿客絕色影城,台北市萬華區漢中街52號10、11樓,270,"['動作', '奇幻', '劇情']",762386,202549418.0
33,奇異博士2：失控多重宇宙,13:55,98%,https://movies.yahoo.com.tw/video/%E5%A5%87%E7%95%B0%E5%8D%9A%E5%A3%AB2-%E5%A4%B1%E6%8E%A7%E5%A4%9A%E9%87%8D%E5%AE%87%E5%AE%99-%E5%A4%A2%E9%AD%98%E7%AF%87%E9%A0%90%E5%91%8A-063947770.html?movie_id=12136,https://movies.yahoo.com.tw/x/r/w420/i/o/production/movies/March2022/rzHcO2XZWzQxrMn1TlMG-1280x1827.jpg,喜滿客絕色影城,台北市萬華區漢中街52號10、11樓,270,"['動作', '奇幻', '劇情']",762386,202549418.0
34,奇異博士2：失控多重宇宙,15:00,98%,https://movies.yahoo.com.tw/video/%E5%A5%87%E7%95%B0%E5%8D%9A%E5%A3%AB2-%E5%A4%B1%E6%8E%A7%E5%A4%9A%E9%87%8D%E5%AE%87%E5%AE%99-%E5%A4%A2%E9%AD%98%E7%AF%87%E9%A0%90%E5%91%8A-063947770.html?movie_id=12136,https://movies.yahoo.com.tw/x/r/w420/i/o/production/movies/March2022/rzHcO2XZWzQxrMn1TlMG-1280x1827.jpg,喜滿客絕色影城,台北市萬華區漢中街52號10、11樓,270,"['動作', '奇幻', '劇情']",762386,202549418.0
35,奇異博士2：失控多重宇宙,16:25,98%,https://movies.yahoo.com.tw/video/%E5%A5%87%E7%95%B0%E5%8D%9A%E5%A3%AB2-%E5%A4%B1%E6%8E%A7%E5%A4%9A%E9%87%8D%E5%AE%87%E5%AE%99-%E5%A4%A2%E9%AD%98%E7%AF%87%E9%A0%90%E5%91%8A-063947770.html?movie_id=12136,https://movies.yahoo.com.tw/x/r/w420/i/o/production/movies/March2022/rzHcO2XZWzQxrMn1TlMG-1280x1827.jpg,喜滿客絕色影城,台北市萬華區漢中街52號10、11樓,270,"['動作', '奇幻', '劇情']",762386,202549418.0
36,奇異博士2：失控多重宇宙,18:00,98%,https://movies.yahoo.com.tw/video/%E5%A5%87%E7%95%B0%E5%8D%9A%E5%A3%AB2-%E5%A4%B1%E6%8E%A7%E5%A4%9A%E9%87%8D%E5%AE%87%E5%AE%99-%E5%A4%A2%E9%AD%98%E7%AF%87%E9%A0%90%E5%91%8A-063947770.html?movie_id=12136,https://movies.yahoo.com.tw/x/r/w420/i/o/production/movies/March2022/rzHcO2XZWzQxrMn1TlMG-1280x1827.jpg,喜滿客絕色影城,台北市萬華區漢中街52號10、11樓,270,"['動作', '奇幻', '劇情']",762386,202549418.0
37,奇異博士2：失控多重宇宙,18:55,98%,https://movies.yahoo.com.tw/video/%E5%A5%87%E7%95%B0%E5%8D%9A%E5%A3%AB2-%E5%A4%B1%E6%8E%A7%E5%A4%9A%E9%87%8D%E5%AE%87%E5%AE%99-%E5%A4%A2%E9%AD%98%E7%AF%87%E9%A0%90%E5%91%8A-063947770.html?movie_id=12136,https://movies.yahoo.com.tw/x/r/w420/i/o/production/movies/March2022/rzHcO2XZWzQxrMn1TlMG-1280x1827.jpg,喜滿客絕色影城,台北市萬華區漢中街52號10、11樓,270,"['動作', '奇幻', '劇情']",762386,202549418.0
38,奇異博士2：失控多重宇宙,20:25,98%,https://movies.yahoo.com.tw/video/%E5%A5%87%E7%95%B0%E5%8D%9A%E5%A3%AB2-%E5%A4%B1%E6%8E%A7%E5%A4%9A%E9%87%8D%E5%AE%87%E5%AE%99-%E5%A4%A2%E9%AD%98%E7%AF%87%E9%A0%90%E5%91%8A-063947770.html?movie_id=12136,https://movies.yahoo.com.tw/x/r/w420/i/o/production/movies/March2022/rzHcO2XZWzQxrMn1TlMG-1280x1827.jpg,喜滿客絕色影城,台北市萬華區漢中街52號10、11樓,270,"['動作', '奇幻', '劇情']",762386,202549418.0
39,奇異博士2：失控多重宇宙,21:25,98%,https://movies.yahoo.com.tw/video/%E5%A5%87%E7%95%B0%E5%8D%9A%E5%A3%AB2-%E5%A4%B1%E6%8E%A7%E5%A4%9A%E9%87%8D%E5%AE%87%E5%AE%99-%E5%A4%A2%E9%AD%98%E7%AF%87%E9%A0%90%E5%91%8A-063947770.html?movie_id=12136,https://movies.yahoo.com.tw/x/r/w420/i/o/production/movies/March2022/rzHcO2XZWzQxrMn1TlMG-1280x1827.jpg,喜滿客絕色影城,台北市萬華區漢中街52號10、11樓,270,"['動作', '奇幻', '劇情']",762386,202549418.0
40,奇異博士2：失控多重宇宙,10:20,98%,https://movies.yahoo.com.tw/video/%E5%A5%87%E7%95%B0%E5%8D%9A%E5%A3%AB2-%E5%A4%B1%E6%8E%A7%E5%A4%9A%E9%87%8D%E5%AE%87%E5%AE%99-%E5%A4%A2%E9%AD%98%E7%AF%87%E9%A0%90%E5%91%8A-063947770.html?movie_id=12136,https://movies.yahoo.com.tw/x/r/w420/i/o/production/movies/March2022/rzHcO2XZWzQxrMn1TlMG-1280x1827.jpg,京站威秀,台北市大同區市民大道一段209號5樓,340,"['動作', '奇幻', '劇情']",762386,202549418.0
41,奇異博士2：失控多重宇宙,11:40,98%,https://movies.yahoo.com.tw/video/%E5%A5%87%E7%95%B0%E5%8D%9A%E5%A3%AB2-%E5%A4%B1%E6%8E%A7%E5%A4%9A%E9%87%8D%E5%AE%87%E5%AE%99-%E5%A4%A2%E9%AD%98%E7%AF%87%E9%A0%90%E5%91%8A-063947770.html?movie_id=12136,https://movies.yahoo.com.tw/x/r/w420/i/o/production/movies/March2022/rzHcO2XZWzQxrMn1TlMG-1280x1827.jpg,京站威秀,台北市大同區市民大道一段209號5樓,340,"['動作', '奇幻', '劇情']",762386,202549418.0
42,奇異博士2：失控多重宇宙,12:50,98%,https://movies.yahoo.com.tw/video/%E5%A5%87%E7%95%B0%E5%8D%9A%E5%A3%AB2-%E5%A4%B1%E6%8E%A7%E5%A4%9A%E9%87%8D%E5%AE%87%E5%AE%99-%E5%A4%A2%E9%AD%98%E7%AF%87%E9%A0%90%E5%91%8A-063947770.html?movie_id=12136,https://movies.yahoo.com.tw/x/r/w420/i/o/production/movies/March2022/rzHcO2XZWzQxrMn1TlMG-1280x1827.jpg,京站威秀,台北市大同區市民大道一段209號5樓,340,"['動作', '奇幻', '劇情']",762386,202549418.0
43,奇異博士2：失控多重宇宙,14:05,98%,https://movies.yahoo.com.tw/video/%E5%A5%87%E7%95%B0%E5%8D%9A%E5%A3%AB2-%E5%A4%B1%E6%8E%A7%E5%A4%9A%E9%87%8D%E5%AE%87%E5%AE%99-%E5%A4%A2%E9%AD%98%E7%AF%87%E9%A0%90%E5%91%8A-063947770.html?movie_id=12136,https://movies.yahoo.com.tw/x/r/w420/i/o/production/movies/March2022/rzHcO2XZWzQxrMn1TlMG-1280x1827.jpg,京站威秀,台北市大同區市民大道一段209號5樓,340,"['動作', '奇幻', '劇情']",762386,202549418.0
44,奇異博士2：失控多重宇宙,15:20,98%,https://movies.yahoo.com.tw/video/%E5%A5%87%E7%95%B0%E5%8D%9A%E5%A3%AB2-%E5%A4%B1%E6%8E%A7%E5%A4%9A%E9%87%8D%E5%AE%87%E5%AE%99-%E5%A4%A2%E9%AD%98%E7%AF%87%E9%A0%90%E5%91%8A-063947770.html?movie_id=12136,https://movies.yahoo.com.tw/x/r/w420/i/o/production/movies/March2022/rzHcO2XZWzQxrMn1TlMG-1280x1827.jpg,京站威秀,台北市大同區市民大道一段209號5樓,340,"['動作', '奇幻', '劇情']",762386,202549418.0
45,奇異博士2：失控多重宇宙,16:30,98%,https://movies.yahoo.com.tw/video/%E5%A5%87%E7%95%B0%E5%8D%9A%E5%A3%AB2-%E5%A4%B1%E6%8E%A7%E5%A4%9A%E9%87%8D%E5%AE%87%E5%AE%99-%E5%A4%A2%E9%AD%98%E7%AF%87%E9%A0%90%E5%91%8A-063947770.html?movie_id=12136,https://movies.yahoo.com.tw/x/r/w420/i/o/production/movies/March2022/rzHcO2XZWzQxrMn1TlMG-1280x1827.jpg,京站威秀,台北市大同區市民大道一段209號5樓,340,"['動作', '奇幻', '劇情']",762386,202549418.0
46,奇異博士2：失控多重宇宙,17:45,98%,https://movies.yahoo.com.tw/video/%E5%A5%87%E7%95%B0%E5%8D%9A%E5%A3%AB2-%E5%A4%B1%E6%8E%A7%E5%A4%9A%E9%87%8D%E5%AE%87%E5%AE%99-%E5%A4%A2%E9%AD%98%E7%AF%87%E9%A0%90%E5%91%8A-063947770.html?movie_id=12136,https://movies.yahoo.com.tw/x/r/w420/i/o/production/movies/March2022/rzHcO2XZWzQxrMn1TlMG-1280x1827.jpg,京站威秀,台北市大同區市民大道一段209號5樓,340,"['動作', '奇幻', '劇情']",762386,202549418.0
47,奇異博士2：失控多重宇宙,18:55,98%,https://movies.yahoo.com.tw/video/%E5%A5%87%E7%95%B0%E5%8D%9A%E5%A3%AB2-%E5%A4%B1%E6%8E%A7%E5%A4%9A%E9%87%8D%E5%AE%87%E5%AE%99-%E5%A4%A2%E9%AD%98%E7%AF%87%E9%A0%90%E5%91%8A-063947770.html?movie_id=12136,https://movies.yahoo.com.tw/x/r/w420/i/o/production/movies/March2022/rzHcO2XZWzQxrMn1TlMG-1280x1827.jpg,京站威秀,台北市大同區市民大道一段209號5樓,340,"['動作', '奇幻', '劇情']",762386,202549418.0
48,奇異博士2：失控多重宇宙,20:10,98%,https://movies.yahoo.com.tw/video/%E5%A5%87%E7%95%B0%E5%8D%9A%E5%A3%AB2-%E5%A4%B1%E6%8E%A7%E5%A4%9A%E9%87%8D%E5%AE%87%E5%AE%99-%E5%A4%A2%E9%AD%98%E7%AF%87%E9%A0%90%E5%91%8A-063947770.html?movie_id=12136,https://movies.yahoo.com.tw/x/r/w420/i/o/production/movies/March2022/rzHcO2XZWzQxrMn1TlMG-1280x1827.jpg,京站威秀,台北市大同區市民大道一段209號5樓,340,"['動作', '奇幻', '劇情']",762386,202549418.0
49,奇異博士2：失控多重宇宙,21:20,98%,https://movies.yahoo.com.tw/video/%E5%A5%87%E7%95%B0%E5%8D%9A%E5%A3%AB2-%E5%A4%B1%E6%8E%A7%E5%A4%9A%E9%87%8D%E5%AE%87%E5%AE%99-%E5%A4%A2%E9%AD%98%E7%AF%87%E9%A0%90%E5%91%8A-063947770.html?movie_id=12136,https://movies.yahoo.com.tw/x/r/w420/i/o/production/movies/March2022/rzHcO2XZWzQxrMn1TlMG-1280x1827.jpg,京站威秀,台北市大同區市民大道一段209號5樓,340,"['動作', '奇幻', '劇情']",762386,202549418.0
50,奇異博士2：失控多重宇宙,22:40,98%,https://movies.yahoo.com.tw/video/%E5%A5%87%E7%95%B0%E5%8D%9A%E5%A3%AB2-%E5%A4%B1%E6%8E%A7%E5%A4%9A%E9%87%8D%E5%AE%87%E5%AE%99-%E5%A4%A2%E9%AD%98%E7%AF%87%E9%A0%90%E5%91%8A-063947770.html?movie_id=12136,https://movies.yahoo.com.tw/x/r/w420/i/o/production/movies/March2022/rzHcO2XZWzQxrMn1TlMG-1280x1827.jpg,京站威秀,台北市大同區市民大道一段209號5樓,340,"['動作', '奇幻', '劇情']",762386,202549418.0
51,奇異博士2：失控多重宇宙,23:50,98%,https://movies.yahoo.com.tw/video/%E5%A5%87%E7%95%B0%E5%8D%9A%E5%A3%AB2-%E5%A4%B1%E6%8E%A7%E5%A4%9A%E9%87%8D%E5%AE%87%E5%AE%99-%E5%A4%A2%E9%AD%98%E7%AF%87%E9%A0%90%E5%91%8A-063947770.html?movie_id=12136,https://movies.yahoo.com.tw/x/r/w420/i/o/production/movies/March2022/rzHcO2XZWzQxrMn1TlMG-1280x1827.jpg,京站威秀,台北市大同區市民大道一段209號5樓,340,"['動作', '奇幻', '劇情']",762386,202549418.0
52,奇異博士2：失控多重宇宙,10:30,98%,https://movies.yahoo.com.tw/video/%E5%A5%87%E7%95%B0%E5%8D%9A%E5%A3%AB2-%E5%A4%B1%E6%8E%A7%E5%A4%9A%E9%87%8D%E5%AE%87%E5%AE%99-%E5%A4%A2%E9%AD%98%E7%AF%87%E9%A0%90%E5%91%8A-063947770.html?movie_id=12136,https://movies.yahoo.com.tw/x/r/w420/i/o/production/movies/March2022/rzHcO2XZWzQxrMn1TlMG-1280x1827.jpg,松仁威秀,台北市信義區松仁路58號10樓,370,"['動作', '奇幻', '劇情']",762386,202549418.0
53,奇異博士2：失控多重宇宙,13:00,98%,https://movies.yahoo.com.tw/video/%E5%A5%87%E7%95%B0%E5%8D%9A%E5%A3%AB2-%E5%A4%B1%E6%8E%A7%E5%A4%9A%E9%87%8D%E5%AE%87%E5%AE%99-%E5%A4%A2%E9%AD%98%E7%AF%87%E9%A0%90%E5%91%8A-063947770.html?movie_id=12136,https://movies.yahoo.com.tw/x/r/w420/i/o/production/movies/March2022/rzHcO2XZWzQxrMn1TlMG-1280x1827.jpg,松仁威秀,台北市信義區松仁路58號10樓,370,"['動作', '奇幻', '劇情']",762386,202549418.0
54,奇異博士2：失控多重宇宙,14:15,98%,https://movies.yahoo.com.tw/video/%E5%A5%87%E7%95%B0%E5%8D%9A%E5%A3%AB2-%E5%A4%B1%E6%8E%A7%E5%A4%9A%E9%87%8D%E5%AE%87%E5%AE%99-%E5%A4%A2%E9%AD%98%E7%AF%87%E9%A0%90%E5%91%8A-063947770.html?movie_id=12136,https://movies.yahoo.com.tw/x/r/w420/i/o/production/movies/March2022/rzHcO2XZWzQxrMn1TlMG-1280x1827.jpg,松仁威秀,台北市信義區松仁路58號10樓,370,"['動作', '奇幻', '劇情']",762386,202549418.0
55,奇異博士2：失控多重宇宙,15:30,98%,https://movies.yahoo.com.tw/video/%E5%A5%87%E7%95%B0%E5%8D%9A%E5%A3%AB2-%E5%A4%B1%E6%8E%A7%E5%A4%9A%E9%87%8D%E5%AE%87%E5%AE%99-%E5%A4%A2%E9%AD%98%E7%AF%87%E9%A0%90%E5%91%8A-063947770.html?movie_id=12136,https://movies.yahoo.com.tw/x/r/w420/i/o/production/movies/March2022/rzHcO2XZWzQxrMn1TlMG-1280x1827.jpg,松仁威秀,台北市信義區松仁路58號10樓,370,"['動作', '奇幻', '劇情']",762386,202549418.0
56,奇異博士2：失控多重宇宙,16:45,98%,https://movies.yahoo.com.tw/video/%E5%A5%87%E7%95%B0%E5%8D%9A%E5%A3%AB2-%E5%A4%B1%E6%8E%A7%E5%A4%9A%E9%87%8D%E5%AE%87%E5%AE%99-%E5%A4%A2%E9%AD%98%E7%AF%87%E9%A0%90%E5%91%8A-063947770.html?movie_id=12136,https://movies.yahoo.com.tw/x/r/w420/i/o/production/movies/March2022/rzHcO2XZWzQxrMn1TlMG-1280x1827.jpg,松仁威秀,台北市信義區松仁路58號10樓,370,"['動作', '奇幻', '劇情']",762386,202549418.0
57,奇異博士2：失控多重宇宙,18:00,98%,https://movies.yahoo.com.tw/video/%E5%A5%87%E7%95%B0%E5%8D%9A%E5%A3%AB2-%E5%A4%B1%E6%8E%A7%E5%A4%9A%E9%87%8D%E5%AE%87%E5%AE%99-%E5%A4%A2%E9%AD%98%E7%AF%87%E9%A0%90%E5%91%8A-063947770.html?movie_id=12136,https://movies.yahoo.com.tw/x/r/w420/i/o/production/movies/March2022/rzHcO2XZWzQxrMn1TlMG-1280x1827.jpg,松仁威秀,台北市信義區松仁路58號10樓,370,"['動作', '奇幻', '劇情']",762386,202549418.0
58,奇異博士2：失控多重宇宙,19:15,98%,https://movies.yahoo.com.tw/video/%E5%A5%87%E7%95%B0%E5%8D%9A%E5%A3%AB2-%E5%A4%B1%E6%8E%A7%E5%A4%9A%E9%87%8D%E5%AE%87%E5%AE%99-%E5%A4%A2%E9%AD%98%E7%AF%87%E9%A0%90%E5%91%8A-063947770.html?movie_id=12136,https://movies.yahoo.com.tw/x/r/w420/i/o/production/movies/March2022/rzHcO2XZWzQxrMn1TlMG-1280x1827.jpg,松仁威秀,台北市信義區松仁路58號10樓,370,"['動作', '奇幻', '劇情']",762386,202549418.0
59,奇異博士2：失控多重宇宙,20:30,98%,https://movies.yahoo.com.tw/video/%E5%A5%87%E7%95%B0%E5%8D%9A%E5%A3%AB2-%E5%A4%B1%E6%8E%A7%E5%A4%9A%E9%87%8D%E5%AE%87%E5%AE%99-%E5%A4%A2%E9%AD%98%E7%AF%87%E9%A0%90%E5%91%8A-063947770.html?movie_id=12136,https://movies.yahoo.com.tw/x/r/w420/i/o/production/movies/March2022/rzHcO2XZWzQxrMn1TlMG-1280x1827.jpg,松仁威秀,台北市信義區松仁路58號10樓,370,"['動作', '奇幻', '劇情']",762386,202549418.0
60,奇異博士2：失控多重宇宙,21:45,98%,https://movies.yahoo.com.tw/video/%E5%A5%87%E7%95%B0%E5%8D%9A%E5%A3%AB2-%E5%A4%B1%E6%8E%A7%E5%A4%9A%E9%87%8D%E5%AE%87%E5%AE%99-%E5%A4%A2%E9%AD%98%E7%AF%87%E9%A0%90%E5%91%8A-063947770.html?movie_id=12136,https://movies.yahoo.com.tw/x/r/w420/i/o/production/movies/March2022/rzHcO2XZWzQxrMn1TlMG-1280x1827.jpg,松仁威秀,台北市信義區松仁路58號10樓,370,"['動作', '奇幻', '劇情']",762386,202549418.0
61,奇異博士2：失控多重宇宙,23:00,98%,https://movies.yahoo.com.tw/video/%E5%A5%87%E7%95%B0%E5%8D%9A%E5%A3%AB2-%E5%A4%B1%E6%8E%A7%E5%A4%9A%E9%87%8D%E5%AE%87%E5%AE%99-%E5%A4%A2%E9%AD%98%E7%AF%87%E9%A0%90%E5%91%8A-063947770.html?movie_id=12136,https://movies.yahoo.com.tw/x/r/w420/i/o/production/movies/March2022/rzHcO2XZWzQxrMn1TlMG-1280x1827.jpg,松仁威秀,台北市信義區松仁路58號10樓,370,"['動作', '奇幻', '劇情']",762386,202549418.0
62,奇異博士2：失控多重宇宙,10:20,98%,https://movies.yahoo.com.tw/video/%E5%A5%87%E7%95%B0%E5%8D%9A%E5%A3%AB2-%E5%A4%B1%E6%8E%A7%E5%A4%9A%E9%87%8D%E5%AE%87%E5%AE%99-%E5%A4%A2%E9%AD%98%E7%AF%87%E9%A0%90%E5%91%8A-063947770.html?movie_id=12136,https://movies.yahoo.com.tw/x/r/w420/i/o/production/movies/March2022/rzHcO2XZWzQxrMn1TlMG-1280x1827.jpg,中和環球威秀,新北市中和區中山路三段122號4樓,310,"['動作', '奇幻', '劇情']",762386,202549418.0
63,奇異博士2：失控多重宇宙,11:10,98%,https://movies.yahoo.com.tw/video/%E5%A5%87%E7%95%B0%E5%8D%9A%E5%A3%AB2-%E5%A4%B1%E6%8E%A7%E5%A4%9A%E9%87%8D%E5%AE%87%E5%AE%99-%E5%A4%A2%E9%AD%98%E7%AF%87%E9%A0%90%E5%91%8A-063947770.html?movie_id=12136,https://movies.yahoo.com.tw/x/r/w420/i/o/production/movies/March2022/rzHcO2XZWzQxrMn1TlMG-1280x1827.jpg,中和環球威秀,新北市中和區中山路三段122號4樓,310,"['動作', '奇幻', '劇情']",762386,202549418.0
64,奇異博士2：失控多重宇宙,12:50,98%,https://movies.yahoo.com.tw/video/%E5%A5%87%E7%95%B0%E5%8D%9A%E5%A3%AB2-%E5%A4%B1%E6%8E%A7%E5%A4%9A%E9%87%8D%E5%AE%87%E5%AE%99-%E5%A4%A2%E9%AD%98%E7%AF%87%E9%A0%90%E5%91%8A-063947770.html?movie_id=12136,https://movies.yahoo.com.tw/x/r/w420/i/o/production/movies/March2022/rzHcO2XZWzQxrMn1TlMG-1280x1827.jpg,中和環球威秀,新北市中和區中山路三段122號4樓,310,"['動作', '奇幻', '劇情']",762386,202549418.0
65,奇異博士2：失控多重宇宙,13:40,98%,https://movies.yahoo.com.tw/video/%E5%A5%87%E7%95%B0%E5%8D%9A%E5%A3%AB2-%E5%A4%B1%E6%8E%A7%E5%A4%9A%E9%87%8D%E5%AE%87%E5%AE%99-%E5%A4%A2%E9%AD%98%E7%AF%87%E9%A0%90%E5%91%8A-063947770.html?movie_id=12136,https://movies.yahoo.com.tw/x/r/w420/i/o/production/movies/March2022/rzHcO2XZWzQxrMn1TlMG-1280x1827.jpg,中和環球威秀,新北市中和區中山路三段122號4樓,310,"['動作', '奇幻', '劇情']",762386,202549418.0
66,奇異博士2：失控多重宇宙,15:20,98%,https://movies.yahoo.com.tw/video/%E5%A5%87%E7%95%B0%E5%8D%9A%E5%A3%AB2-%E5%A4%B1%E6%8E%A7%E5%A4%9A%E9%87%8D%E5%AE%87%E5%AE%99-%E5%A4%A2%E9%AD%98%E7%AF%87%E9%A0%90%E5%91%8A-063947770.html?movie_id=12136,https://movies.yahoo.com.tw/x/r/w420/i/o/production/movies/March2022/rzHcO2XZWzQxrMn1TlMG-1280x1827.jpg,中和環球威秀,新北市中和區中山路三段122號4樓,310,"['動作', '奇幻', '劇情']",762386,202549418.0
67,奇異博士2：失控多重宇宙,16:10,98%,https://movies.yahoo.com.tw/video/%E5%A5%87%E7%95%B0%E5%8D%9A%E5%A3%AB2-%E5%A4%B1%E6%8E%A7%E5%A4%9A%E9%87%8D%E5%AE%87%E5%AE%99-%E5%A4%A2%E9%AD%98%E7%AF%87%E9%A0%90%E5%91%8A-063947770.html?movie_id=12136,https://movies.yahoo.com.tw/x/r/w420/i/o/production/movies/March2022/rzHcO2XZWzQxrMn1TlMG-1280x1827.jpg,中和環球威秀,新北市中和區中山路三段122號4樓,310,"['動作', '奇幻', '劇情']",762386,202549418.0
68,奇異博士2：失控多重宇宙,17:50,98%,https://movies.yahoo.com.tw/video/%E5%A5%87%E7%95%B0%E5%8D%9A%E5%A3%AB2-%E5%A4%B1%E6%8E%A7%E5%A4%9A%E9%87%8D%E5%AE%87%E5%AE%99-%E5%A4%A2%E9%AD%98%E7%AF%87%E9%A0%90%E5%91%8A-063947770.html?movie_id=12136,https://movies.yahoo.com.tw/x/r/w420/i/o/production/movies/March2022/rzHcO2XZWzQxrMn1TlMG-1280x1827.jpg,中和環球威秀,新北市中和區中山路三段122號4樓,310,"['動作', '奇幻', '劇情']",762386,202549418.0
69,奇異博士2：失控多重宇宙,18:40,98%,https://movies.yahoo.com.tw/video/%E5%A5%87%E7%95%B0%E5%8D%9A%E5%A3%AB2-%E5%A4%B1%E6%8E%A7%E5%A4%9A%E9%87%8D%E5%AE%87%E5%AE%99-%E5%A4%A2%E9%AD%98%E7%AF%87%E9%A0%90%E5%91%8A-063947770.html?movie_id=12136,https://movies.yahoo.com.tw/x/r/w420/i/o/production/movies/March2022/rzHcO2XZWzQxrMn1TlMG-1280x1827.jpg,中和環球威秀,新北市中和區中山路三段122號4樓,310,"['動作', '奇幻', '劇情']",762386,202549418.0
70,奇異博士2：失控多重宇宙,20:20,98%,https://movies.yahoo.com.tw/video/%E5%A5%87%E7%95%B0%E5%8D%9A%E5%A3%AB2-%E5%A4%B1%E6%8E%A7%E5%A4%9A%E9%87%8D%E5%AE%87%E5%AE%99-%E5%A4%A2%E9%AD%98%E7%AF%87%E9%A0%90%E5%91%8A-063947770.html?movie_id=12136,https://movies.yahoo.com.tw/x/r/w420/i/o/production/movies/March2022/rzHcO2XZWzQxrMn1TlMG-1280x1827.jpg,中和環球威秀,新北市中和區中山路三段122號4樓,310,"['動作', '奇幻', '劇情']",762386,202549418.0
71,奇異博士2：失控多重宇宙,21:10,98%,https://movies.yahoo.com.tw/video/%E5%A5%87%E7%95%B0%E5%8D%9A%E5%A3%AB2-%E5%A4%B1%E6%8E%A7%E5%A4%9A%E9%87%8D%E5%AE%87%E5%AE%99-%E5%A4%A2%E9%AD%98%E7%AF%87%E9%A0%90%E5%91%8A-063947770.html?movie_id=12136,https://movies.yahoo.com.tw/x/r/w420/i/o/production/movies/March2022/rzHcO2XZWzQxrMn1TlMG-1280x1827.jpg,中和環球威秀,新北市中和區中山路三段122號4樓,310,"['動作', '奇幻', '劇情']",762386,202549418.0
72,奇異博士2：失控多重宇宙,22:00,98%,https://movies.yahoo.com.tw/video/%E5%A5%87%E7%95%B0%E5%8D%9A%E5%A3%AB2-%E5%A4%B1%E6%8E%A7%E5%A4%9A%E9%87%8D%E5%AE%87%E5%AE%99-%E5%A4%A2%E9%AD%98%E7%AF%87%E9%A0%90%E5%91%8A-063947770.html?movie_id=12136,https://movies.yahoo.com.tw/x/r/w420/i/o/production/movies/March2022/rzHcO2XZWzQxrMn1TlMG-1280x1827.jpg,中和環球威秀,新北市中和區中山路三段122號4樓,310,"['動作', '奇幻', '劇情']",762386,202549418.0
73,奇異博士2：失控多重宇宙,22:50,98%,https://movies.yahoo.com.tw/video/%E5%A5%87%E7%95%B0%E5%8D%9A%E5%A3%AB2-%E5%A4%B1%E6%8E%A7%E5%A4%9A%E9%87%8D%E5%AE%87%E5%AE%99-%E5%A4%A2%E9%AD%98%E7%AF%87%E9%A0%90%E5%91%8A-063947770.html?movie_id=12136,https://movies.yahoo.com.tw/x/r/w420/i/o/production/movies/March2022/rzHcO2XZWzQxrMn1TlMG-1280x1827.jpg,中和環球威秀,新北市中和區中山路三段122號4樓,310,"['動作', '奇幻', '劇情']",762386,202549418.0
74,奇異博士2：失控多重宇宙,09:45,98%,https://movies.yahoo.com.tw/video/%E5%A5%87%E7%95%B0%E5%8D%9A%E5%A3%AB2-%E5%A4%B1%E6%8E%A7%E5%A4%9A%E9%87%8D%E5%AE%87%E5%AE%99-%E5%A4%A2%E9%AD%98%E7%AF%87%E9%A0%90%E5%91%8A-063947770.html?movie_id=12136,https://movies.yahoo.com.tw/x/r/w420/i/o/production/movies/March2022/rzHcO2XZWzQxrMn1TlMG-1280x1827.jpg,林口威秀,新北市林口區文化三路一段356號3樓,370,"['動作', '奇幻', '劇情']",762386,202549418.0
75,奇異博士2：失控多重宇宙,10:50,98%,https://movies.yahoo.com.tw/video/%E5%A5%87%E7%95%B0%E5%8D%9A%E5%A3%AB2-%E5%A4%B1%E6%8E%A7%E5%A4%9A%E9%87%8D%E5%AE%87%E5%AE%99-%E5%A4%A2%E9%AD%98%E7%AF%87%E9%A0%90%E5%91%8A-063947770.html?movie_id=12136,https://movies.yahoo.com.tw/x/r/w420/i/o/production/movies/March2022/rzHcO2XZWzQxrMn1TlMG-1280x1827.jpg,林口威秀,新北市林口區文化三路一段356號3樓,370,"['動作', '奇幻', '劇情']",762386,202549418.0
76,奇異博士2：失控多重宇宙,12:15,98%,https://movies.yahoo.com.tw/video/%E5%A5%87%E7%95%B0%E5%8D%9A%E5%A3%AB2-%E5%A4%B1%E6%8E%A7%E5%A4%9A%E9%87%8D%E5%AE%87%E5%AE%99-%E5%A4%A2%E9%AD%98%E7%AF%87%E9%A0%90%E5%91%8A-063947770.html?movie_id=12136,https://movies.yahoo.com.tw/x/r/w420/i/o/production/movies/March2022/rzHcO2XZWzQxrMn1TlMG-1280x1827.jpg,林口威秀,新北市林口區文化三路一段356號3樓,370,"['動作', '奇幻', '劇情']",762386,202549418.0
77,奇異博士2：失控多重宇宙,13:20,98%,https://movies.yahoo.com.tw/video/%E5%A5%87%E7%95%B0%E5%8D%9A%E5%A3%AB2-%E5%A4%B1%E6%8E%A7%E5%A4%9A%E9%87%8D%E5%AE%87%E5%AE%99-%E5%A4%A2%E9%AD%98%E7%AF%87%E9%A0%90%E5%91%8A-063947770.html?movie_id=12136,https://movies.yahoo.com.tw/x/r/w420/i/o/production/movies/March2022/rzHcO2XZWzQxrMn1TlMG-1280x1827.jpg,林口威秀,新北市林口區文化三路一段356號3樓,370,"['動作', '奇幻', '劇情']",762386,202549418.0
78,奇異博士2：失控多重宇宙,14:45,98%,https://movies.yahoo.com.tw/video/%E5%A5%87%E7%95%B0%E5%8D%9A%E5%A3%AB2-%E5%A4%B1%E6%8E%A7%E5%A4%9A%E9%87%8D%E5%AE%87%E5%AE%99-%E5%A4%A2%E9%AD%98%E7%AF%87%E9%A0%90%E5%91%8A-063947770.html?movie_id=12136,https://movies.yahoo.com.tw/x/r/w420/i/o/production/movies/March2022/rzHcO2XZWzQxrMn1TlMG-1280x1827.jpg,林口威秀,新北市林口區文化三路一段356號3樓,370,"['動作', '奇幻', '劇情']",762386,202549418.0
79,奇異博士2：失控多重宇宙,15:50,98%,https://movies.yahoo.com.tw/video/%E5%A5%87%E7%95%B0%E5%8D%9A%E5%A3%AB2-%E5%A4%B1%E6%8E%A7%E5%A4%9A%E9%87%8D%E5%AE%87%E5%AE%99-%E5%A4%A2%E9%AD%98%E7%AF%87%E9%A0%90%E5%91%8A-063947770.html?movie_id=12136,https://movies.yahoo.com.tw/x/r/w420/i/o/production/movies/March2022/rzHcO2XZWzQxrMn1TlMG-1280x1827.jpg,林口威秀,新北市林口區文化三路一段356號3樓,370,"['動作', '奇幻', '劇情']",762386,202549418.0
80,奇異博士2：失控多重宇宙,17:15,98%,https://movies.yahoo.com.tw/video/%E5%A5%87%E7%95%B0%E5%8D%9A%E5%A3%AB2-%E5%A4%B1%E6%8E%A7%E5%A4%9A%E9%87%8D%E5%AE%87%E5%AE%99-%E5%A4%A2%E9%AD%98%E7%AF%87%E9%A0%90%E5%91%8A-063947770.html?movie_id=12136,https://movies.yahoo.com.tw/x/r/w420/i/o/production/movies/March2022/rzHcO2XZWzQxrMn1TlMG-1280x1827.jpg,林口威秀,新北市林口區文化三路一段356號3樓,370,"['動作', '奇幻', '劇情']",762386,202549418.0
81,奇異博士2：失控多重宇宙,18:20,98%,https://movies.yahoo.com.tw/video/%E5%A5%87%E7%95%B0%E5%8D%9A%E5%A3%AB2-%E5%A4%B1%E6%8E%A7%E5%A4%9A%E9%87%8D%E5%AE%87%E5%AE%99-%E5%A4%A2%E9%AD%98%E7%AF%87%E9%A0%90%E5%91%8A-063947770.html?movie_id=12136,https://movies.yahoo.com.tw/x/r/w420/i/o/production/movies/March2022/rzHcO2XZWzQxrMn1TlMG-1280x1827.jpg,林口威秀,新北市林口區文化三路一段356號3樓,370,"['動作', '奇幻', '劇情']",762386,202549418.0
82,奇異博士2：失控多重宇宙,19:45,98%,https://movies.yahoo.com.tw/video/%E5%A5%87%E7%95%B0%E5%8D%9A%E5%A3%AB2-%E5%A4%B1%E6%8E%A7%E5%A4%9A%E9%87%8D%E5%AE%87%E5%AE%99-%E5%A4%A2%E9%AD%98%E7%AF%87%E9%A0%90%E5%91%8A-063947770.html?movie_id=12136,https://movies.yahoo.com.tw/x/r/w420/i/o/production/movies/March2022/rzHcO2XZWzQxrMn1TlMG-1280x1827.jpg,林口威秀,新北市林口區文化三路一段356號3樓,370,"['動作', '奇幻', '劇情']",762386,202549418.0
83,奇異博士2：失控多重宇宙,20:50,98%,https://movies.yahoo.com.tw/video/%E5%A5%87%E7%95%B0%E5%8D%9A%E5%A3%AB2-%E5%A4%B1%E6%8E%A7%E5%A4%9A%E9%87%8D%E5%AE%87%E5%AE%99-%E5%A4%A2%E9%AD%98%E7%AF%87%E9%A0%90%E5%91%8A-063947770.html?movie_id=12136,https://movies.yahoo.com.tw/x/r/w420/i/o/production/movies/March2022/rzHcO2XZWzQxrMn1TlMG-1280x1827.jpg,林口威秀,新北市林口區文化三路一段356號3樓,370,"['動作', '奇幻', '劇情']",762386,202549418.0
84,奇異博士2：失控多重宇宙,22:15,98%,https://movies.yahoo.com.tw/video/%E5%A5%87%E7%95%B0%E5%8D%9A%E5%A3%AB2-%E5%A4%B1%E6%8E%A7%E5%A4%9A%E9%87%8D%E5%AE%87%E5%AE%99-%E5%A4%A2%E9%AD%98%E7%AF%87%E9%A0%90%E5%91%8A-063947770.html?movie_id=12136,https://movies.yahoo.com.tw/x/r/w420/i/o/production/movies/March2022/rzHcO2XZWzQxrMn1TlMG-1280x1827.jpg,林口威秀,新北市林口區文化三路一段356號3樓,370,"['動作', '奇幻', '劇情']",762386,202549418.0
85,奇異博士2：失控多重宇宙,23:20,98%,https://movies.yahoo.com.tw/video/%E5%A5%87%E7%95%B0%E5%8D%9A%E5%A3%AB2-%E5%A4%B1%E6%8E%A7%E5%A4%9A%E9%87%8D%E5%AE%87%E5%AE%99-%E5%A4%A2%E9%AD%98%E7%AF%87%E9%A0%90%E5%91%8A-063947770.html?movie_id=12136,https://movies.yahoo.com.tw/x/r/w420/i/o/production/movies/March2022/rzHcO2XZWzQxrMn1TlMG-1280x1827.jpg,林口威秀,新北市林口區文化三路一段356號3樓,370,"['動作', '奇幻', '劇情']",762386,202549418.0
86,奇異博士2：失控多重宇宙,09:10,98%,https://movies.yahoo.com.tw/video/%E5%A5%87%E7%95%B0%E5%8D%9A%E5%A3%AB2-%E5%A4%B1%E6%8E%A7%E5%A4%9A%E9%87%8D%E5%AE%87%E5%AE%99-%E5%A4%A2%E9%AD%98%E7%AF%87%E9%A0%90%E5%91%8A-063947770.html?movie_id=12136,https://movies.yahoo.com.tw/x/r/w420/i/o/production/movies/March2022/rzHcO2XZWzQxrMn1TlMG-1280x1827.jpg,台北美麗華大直影城,台北市中山區敬業三路22號6樓,330,"['動作', '奇幻', '劇情']",762386,202549418.0
87,奇異博士2：失控多重宇宙,10:30,98%,https://movies.yahoo.com.tw/video/%E5%A5%87%E7%95%B0%E5%8D%9A%E5%A3%AB2-%E5%A4%B1%E6%8E%A7%E5%A4%9A%E9%87%8D%E5%AE%87%E5%AE%99-%E5%A4%A2%E9%AD%98%E7%AF%87%E9%A0%90%E5%91%8A-063947770.html?movie_id=12136,https://movies.yahoo.com.tw/x/r/w420/i/o/production/movies/March2022/rzHcO2XZWzQxrMn1TlMG-1280x1827.jpg,台北美麗華大直影城,台北市中山區敬業三路22號6樓,330,"['動作', '奇幻', '劇情']",762386,202549418.0
88,奇異博士2：失控多重宇宙,11:40,98%,https://movies.yahoo.com.tw/video/%E5%A5%87%E7%95%B0%E5%8D%9A%E5%A3%AB2-%E5%A4%B1%E6%8E%A7%E5%A4%9A%E9%87%8D%E5%AE%87%E5%AE%99-%E5%A4%A2%E9%AD%98%E7%AF%87%E9%A0%90%E5%91%8A-063947770.html?movie_id=12136,https://movies.yahoo.com.tw/x/r/w420/i/o/production/movies/March2022/rzHcO2XZWzQxrMn1TlMG-1280x1827.jpg,台北美麗華大直影城,台北市中山區敬業三路22號6樓,330,"['動作', '奇幻', '劇情']",762386,202549418.0
89,奇異博士2：失控多重宇宙,13:00,98%,https://movies.yahoo.com.tw/video/%E5%A5%87%E7%95%B0%E5%8D%9A%E5%A3%AB2-%E5%A4%B1%E6%8E%A7%E5%A4%9A%E9%87%8D%E5%AE%87%E5%AE%99-%E5%A4%A2%E9%AD%98%E7%AF%87%E9%A0%90%E5%91%8A-063947770.html?movie_id=12136,https://movies.yahoo.com.tw/x/r/w420/i/o/production/movies/March2022/rzHcO2XZWzQxrMn1TlMG-1280x1827.jpg,台北美麗華大直影城,台北市中山區敬業三路22號6樓,330,"['動作', '奇幻', '劇情']",762386,202549418.0
90,奇異博士2：失控多重宇宙,14:20,98%,https://movies.yahoo.com.tw/video/%E5%A5%87%E7%95%B0%E5%8D%9A%E5%A3%AB2-%E5%A4%B1%E6%8E%A7%E5%A4%9A%E9%87%8D%E5%AE%87%E5%AE%99-%E5%A4%A2%E9%AD%98%E7%AF%87%E9%A0%90%E5%91%8A-063947770.html?movie_id=12136,https://movies.yahoo.com.tw/x/r/w420/i/o/production/movies/March2022/rzHcO2XZWzQxrMn1TlMG-1280x1827.jpg,台北美麗華大直影城,台北市中山區敬業三路22號6樓,330,"['動作', '奇幻', '劇情']",762386,202549418.0
91,奇異博士2：失控多重宇宙,15:30,98%,https://movies.yahoo.com.tw/video/%E5%A5%87%E7%95%B0%E5%8D%9A%E5%A3%AB2-%E5%A4%B1%E6%8E%A7%E5%A4%9A%E9%87%8D%E5%AE%87%E5%AE%99-%E5%A4%A2%E9%AD%98%E7%AF%87%E9%A0%90%E5%91%8A-063947770.html?movie_id=12136,https://movies.yahoo.com.tw/x/r/w420/i/o/production/movies/March2022/rzHcO2XZWzQxrMn1TlMG-1280x1827.jpg,台北美麗華大直影城,台北市中山區敬業三路22號6樓,330,"['動作', '奇幻', '劇情']",762386,202549418.0
92,奇異博士2：失控多重宇宙,16:30,98%,https://movies.yahoo.com.tw/video/%E5%A5%87%E7%95%B0%E5%8D%9A%E5%A3%AB2-%E5%A4%B1%E6%8E%A7%E5%A4%9A%E9%87%8D%E5%AE%87%E5%AE%99-%E5%A4%A2%E9%AD%98%E7%AF%87%E9%A0%90%E5%91%8A-063947770.html?movie_id=12136,https://movies.yahoo.com.tw/x/r/w420/i/o/production/movies/March2022/rzHcO2XZWzQxrMn1TlMG-1280x1827.jpg,台北美麗華大直影城,台北市中山區敬業三路22號6樓,330,"['動作', '奇幻', '劇情']",762386,202549418.0
93,奇異博士2：失控多重宇宙,18:00,98%,https://movies.yahoo.com.tw/video/%E5%A5%87%E7%95%B0%E5%8D%9A%E5%A3%AB2-%E5%A4%B1%E6%8E%A7%E5%A4%9A%E9%87%8D%E5%AE%87%E5%AE%99-%E5%A4%A2%E9%AD%98%E7%AF%87%E9%A0%90%E5%91%8A-063947770.html?movie_id=12136,https://movies.yahoo.com.tw/x/r/w420/i/o/production/movies/March2022/rzHcO2XZWzQxrMn1TlMG-1280x1827.jpg,台北美麗華大直影城,台北市中山區敬業三路22號6樓,330,"['動作', '奇幻', '劇情']",762386,202549418.0
94,奇異博士2：失控多重宇宙,19:00,98%,https://movies.yahoo.com.tw/video/%E5%A5%87%E7%95%B0%E5%8D%9A%E5%A3%AB2-%E5%A4%B1%E6%8E%A7%E5%A4%9A%E9%87%8D%E5%AE%87%E5%AE%99-%E5%A4%A2%E9%AD%98%E7%AF%87%E9%A0%90%E5%91%8A-063947770.html?movie_id=12136,https://movies.yahoo.com.tw/x/r/w420/i/o/production/movies/March2022/rzHcO2XZWzQxrMn1TlMG-1280x1827.jpg,台北美麗華大直影城,台北市中山區敬業三路22號6樓,330,"['動作', '奇幻', '劇情']",762386,202549418.0
95,奇異博士2：失控多重宇宙,20:30,98%,https://movies.yahoo.com.tw/video/%E5%A5%87%E7%95%B0%E5%8D%9A%E5%A3%AB2-%E5%A4%B1%E6%8E%A7%E5%A4%9A%E9%87%8D%E5%AE%87%E5%AE%99-%E5%A4%A2%E9%AD%98%E7%AF%87%E9%A0%90%E5%91%8A-063947770.html?movie_id=12136,https://movies.yahoo.com.tw/x/r/w420/i/o/production/movies/March2022/rzHcO2XZWzQxrMn1TlMG-1280x1827.jpg,台北美麗華大直影城,台北市中山區敬業三路22號6樓,330,"['動作', '奇幻', '劇情']",762386,202549418.0
96,奇異博士2：失控多重宇宙,21:30,98%,https://movies.yahoo.com.tw/video/%E5%A5%87%E7%95%B0%E5%8D%9A%E5%A3%AB2-%E5%A4%B1%E6%8E%A7%E5%A4%9A%E9%87%8D%E5%AE%87%E5%AE%99-%E5%A4%A2%E9%AD%98%E7%AF%87%E9%A0%90%E5%91%8A-063947770.html?movie_id=12136,https://movies.yahoo.com.tw/x/r/w420/i/o/production/movies/March2022/rzHcO2XZWzQxrMn1TlMG-1280x1827.jpg,台北美麗華大直影城,台北市中山區敬業三路22號6樓,330,"['動作', '奇幻', '劇情']",762386,202549418.0
97,奇異博士2：失控多重宇宙,23:00,98%,https://movies.yahoo.com.tw/video/%E5%A5%87%E7%95%B0%E5%8D%9A%E5%A3%AB2-%E5%A4%B1%E6%8E%A7%E5%A4%9A%E9%87%8D%E5%AE%87%E5%AE%99-%E5%A4%A2%E9%AD%98%E7%AF%87%E9%A0%90%E5%91%8A-063947770.html?movie_id=12136,https://movies.yahoo.com.tw/x/r/w420/i/o/production/movies/March2022/rzHcO2XZWzQxrMn1TlMG-1280x1827.jpg,台北美麗華大直影城,台北市中山區敬業三路22號6樓,330,"['動作', '奇幻', '劇情']",762386,202549418.0
98,奇異博士2：失控多重宇宙,11:00,98%,https://movies.yahoo.com.tw/video/%E5%A5%87%E7%95%B0%E5%8D%9A%E5%A3%AB2-%E5%A4%B1%E6%8E%A7%E5%A4%9A%E9%87%8D%E5%AE%87%E5%AE%99-%E5%A4%A2%E9%AD%98%E7%AF%87%E9%A0%90%E5%91%8A-063947770.html?movie_id=12136,https://movies.yahoo.com.tw/x/r/w420/i/o/production/movies/March2022/rzHcO2XZWzQxrMn1TlMG-1280x1827.jpg,台北新光影城,台北市萬華區西寧南路36號4樓,280,"['動作', '奇幻', '劇情']",762386,202549418.0
99,奇異博士2：失控多重宇宙,18:00,98%,https://movies.yahoo.com.tw/video/%E5%A5%87%E7%95%B0%E5%8D%9A%E5%A3%AB2-%E5%A4%B1%E6%8E%A7%E5%A4%9A%E9%87%8D%E5%AE%87%E5%AE%99-%E5%A4%A2%E9%AD%98%E7%AF%87%E9%A0%90%E5%91%8A-063947770.html?movie_id=12136,https://movies.yahoo.com.tw/x/r/w420/i/o/production/movies/March2022/rzHcO2XZWzQxrMn1TlMG-1280x1827.jpg,台北新光影城,台北市萬華區西寧南路36號4樓,280,"['動作', '奇幻', '劇情']",762386,202549418.0
100,奇異博士2：失控多重宇宙,10:30,98%,https://movies.yahoo.com.tw/video/%E5%A5%87%E7%95%B0%E5%8D%9A%E5%A3%AB2-%E5%A4%B1%E6%8E%A7%E5%A4%9A%E9%87%8D%E5%AE%87%E5%AE%99-%E5%A4%A2%E9%AD%98%E7%AF%87%E9%A0%90%E5%91%8A-063947770.html?movie_id=12136,https://movies.yahoo.com.tw/x/r/w420/i/o/production/movies/March2022/rzHcO2XZWzQxrMn1TlMG-1280x1827.jpg,台北in89豪華數位影,台北市萬華區武昌街二段89號,300,"['動作', '奇幻', '劇情']",762386,202549418.0
101,奇異博士2：失控多重宇宙,13:00,98%,https://movies.yahoo.com.tw/video/%E5%A5%87%E7%95%B0%E5%8D%9A%E5%A3%AB2-%E5%A4%B1%E6%8E%A7%E5%A4%9A%E9%87%8D%E5%AE%87%E5%AE%99-%E5%A4%A2%E9%AD%98%E7%AF%87%E9%A0%90%E5%91%8A-063947770.html?movie_id=12136,https://movies.yahoo.com.tw/x/r/w420/i/o/production/movies/March2022/rzHcO2XZWzQxrMn1TlMG-1280x1827.jpg,台北in89豪華數位影,台北市萬華區武昌街二段89號,300,"['動作', '奇幻', '劇情']",762386,202549418.0
102,奇異博士2：失控多重宇宙,15:30,98%,https://movies.yahoo.com.tw/video/%E5%A5%87%E7%95%B0%E5%8D%9A%E5%A3%AB2-%E5%A4%B1%E6%8E%A7%E5%A4%9A%E9%87%8D%E5%AE%87%E5%AE%99-%E5%A4%A2%E9%AD%98%E7%AF%87%E9%A0%90%E5%91%8A-063947770.html?movie_id=12136,https://movies.yahoo.com.tw/x/r/w420/i/o/production/movies/March2022/rzHcO2XZWzQxrMn1TlMG-1280x1827.jpg,台北in89豪華數位影,台北市萬華區武昌街二段89號,300,"['動作', '奇幻', '劇情']",762386,202549418.0
103,奇異博士2：失控多重宇宙,18:00,98%,https://movies.yahoo.com.tw/video/%E5%A5%87%E7%95%B0%E5%8D%9A%E5%A3%AB2-%E5%A4%B1%E6%8E%A7%E5%A4%9A%E9%87%8D%E5%AE%87%E5%AE%99-%E5%A4%A2%E9%AD%98%E7%AF%87%E9%A0%90%E5%91%8A-063947770.html?movie_id=12136,https://movies.yahoo.com.tw/x/r/w420/i/o/production/movies/March2022/rzHcO2XZWzQxrMn1TlMG-1280x1827.jpg,台北in89豪華數位影,台北市萬華區武昌街二段89號,300,"['動作', '奇幻', '劇情']",762386,202549418.0
104,奇異博士2：失控多重宇宙,20:30,98%,https://movies.yahoo.com.tw/video/%E5%A5%87%E7%95%B0%E5%8D%9A%E5%A3%AB2-%E5%A4%B1%E6%8E%A7%E5%A4%9A%E9%87%8D%E5%AE%87%E5%AE%99-%E5%A4%A2%E9%AD%98%E7%AF%87%E9%A0%90%E5%91%8A-063947770.html?movie_id=12136,https://movies.yahoo.com.tw/x/r/w420/i/o/production/movies/March2022/rzHcO2XZWzQxrMn1TlMG-1280x1827.jpg,台北in89豪華數位影,台北市萬華區武昌街二段89號,300,"['動作', '奇幻', '劇情']",762386,202549418.0
105,奇異博士2：失控多重宇宙,23:00,98%,https://movies.yahoo.com.tw/video/%E5%A5%87%E7%95%B0%E5%8D%9A%E5%A3%AB2-%E5%A4%B1%E6%8E%A7%E5%A4%9A%E9%87%8D%E5%AE%87%E5%AE%99-%E5%A4%A2%E9%AD%98%E7%AF%87%E9%A0%90%E5%91%8A-063947770.html?movie_id=12136,https://movies.yahoo.com.tw/x/r/w420/i/o/production/movies/March2022/rzHcO2XZWzQxrMn1TlMG-1280x1827.jpg,台北in89豪華數位影,台北市萬華區武昌街二段89號,300,"['動作', '奇幻', '劇情']",762386,202549418.0
106,奇異博士2：失控多重宇宙,02:45,98%,https://movies.yahoo.com.tw/video/%E5%A5%87%E7%95%B0%E5%8D%9A%E5%A3%AB2-%E5%A4%B1%E6%8E%A7%E5%A4%9A%E9%87%8D%E5%AE%87%E5%AE%99-%E5%A4%A2%E9%AD%98%E7%AF%87%E9%A0%90%E5%91%8A-063947770.html?movie_id=12136,https://movies.yahoo.com.tw/x/r/w420/i/o/production/movies/March2022/rzHcO2XZWzQxrMn1TlMG-1280x1827.jpg,台北樂聲影城,台北市萬華區武昌街二段85號,280,"['動作', '奇幻', '劇情']",762386,202549418.0
107,奇異博士2：失控多重宇宙,09:45,98%,https://movies.yahoo.com.tw/video/%E5%A5%87%E7%95%B0%E5%8D%9A%E5%A3%AB2-%E5%A4%B1%E6%8E%A7%E5%A4%9A%E9%87%8D%E5%AE%87%E5%AE%99-%E5%A4%A2%E9%AD%98%E7%AF%87%E9%A0%90%E5%91%8A-063947770.html?movie_id=12136,https://movies.yahoo.com.tw/x/r/w420/i/o/production/movies/March2022/rzHcO2XZWzQxrMn1TlMG-1280x1827.jpg,台北樂聲影城,台北市萬華區武昌街二段85號,280,"['動作', '奇幻', '劇情']",762386,202549418.0
108,奇異博士2：失控多重宇宙,12:25,98%,https://movies.yahoo.com.tw/video/%E5%A5%87%E7%95%B0%E5%8D%9A%E5%A3%AB2-%E5%A4%B1%E6%8E%A7%E5%A4%9A%E9%87%8D%E5%AE%87%E5%AE%99-%E5%A4%A2%E9%AD%98%E7%AF%87%E9%A0%90%E5%91%8A-063947770.html?movie_id=12136,https://movies.yahoo.com.tw/x/r/w420/i/o/production/movies/March2022/rzHcO2XZWzQxrMn1TlMG-1280x1827.jpg,台北樂聲影城,台北市萬華區武昌街二段85號,280,"['動作', '奇幻', '劇情']",762386,202549418.0
109,奇異博士2：失控多重宇宙,14:45,98%,https://movies.yahoo.com.tw/video/%E5%A5%87%E7%95%B0%E5%8D%9A%E5%A3%AB2-%E5%A4%B1%E6%8E%A7%E5%A4%9A%E9%87%8D%E5%AE%87%E5%AE%99-%E5%A4%A2%E9%AD%98%E7%AF%87%E9%A0%90%E5%91%8A-063947770.html?movie_id=12136,https://movies.yahoo.com.tw/x/r/w420/i/o/production/movies/March2022/rzHcO2XZWzQxrMn1TlMG-1280x1827.jpg,台北樂聲影城,台北市萬華區武昌街二段85號,280,"['動作', '奇幻', '劇情']",762386,202549418.0
110,奇異博士2：失控多重宇宙,17:00,98%,https://movies.yahoo.com.tw/video/%E5%A5%87%E7%95%B0%E5%8D%9A%E5%A3%AB2-%E5%A4%B1%E6%8E%A7%E5%A4%9A%E9%87%8D%E5%AE%87%E5%AE%99-%E5%A4%A2%E9%AD%98%E7%AF%87%E9%A0%90%E5%91%8A-063947770.html?movie_id=12136,https://movies.yahoo.com.tw/x/r/w420/i/o/production/movies/March2022/rzHcO2XZWzQxrMn1TlMG-1280x1827.jpg,台北樂聲影城,台北市萬華區武昌街二段85號,280,"['動作', '奇幻', '劇情']",762386,202549418.0
111,奇異博士2：失控多重宇宙,19:45,98%,https://movies.yahoo.com.tw/video/%E5%A5%87%E7%95%B0%E5%8D%9A%E5%A3%AB2-%E5%A4%B1%E6%8E%A7%E5%A4%9A%E9%87%8D%E5%AE%87%E5%AE%99-%E5%A4%A2%E9%AD%98%E7%AF%87%E9%A0%90%E5%91%8A-063947770.html?movie_id=12136,https://movies.yahoo.com.tw/x/r/w420/i/o/production/movies/March2022/rzHcO2XZWzQxrMn1TlMG-1280x1827.jpg,台北樂聲影城,台北市萬華區武昌街二段85號,280,"['動作', '奇幻', '劇情']",762386,202549418.0
112,奇異博士2：失控多重宇宙,21:35,98%,https://movies.yahoo.com.tw/video/%E5%A5%87%E7%95%B0%E5%8D%9A%E5%A3%AB2-%E5%A4%B1%E6%8E%A7%E5%A4%9A%E9%87%8D%E5%AE%87%E5%AE%99-%E5%A4%A2%E9%AD%98%E7%AF%87%E9%A0%90%E5%91%8A-063947770.html?movie_id=12136,https://movies.yahoo.com.tw/x/r/w420/i/o/production/movies/March2022/rzHcO2XZWzQxrMn1TlMG-1280x1827.jpg,台北樂聲影城,台北市萬華區武昌街二段85號,280,"['動作', '奇幻', '劇情']",762386,202549418.0
113,奇異博士2：失控多重宇宙,15:00,98%,https://movies.yahoo.com.tw/video/%E5%A5%87%E7%95%B0%E5%8D%9A%E5%A3%AB2-%E5%A4%B1%E6%8E%A7%E5%A4%9A%E9%87%8D%E5%AE%87%E5%AE%99-%E5%A4%A2%E9%AD%98%E7%AF%87%E9%A0%90%E5%91%8A-063947770.html?movie_id=12136,https://movies.yahoo.com.tw/x/r/w420/i/o/production/movies/March2022/rzHcO2XZWzQxrMn1TlMG-1280x1827.jpg,台北新民生戲院,台北市松山區民生東路五段190號3樓,260,"['動作', '奇幻', '劇情']",762386,202549418.0
114,奇異博士2：失控多重宇宙,19:35,98%,https://movies.yahoo.com.tw/video/%E5%A5%87%E7%95%B0%E5%8D%9A%E5%A3%AB2-%E5%A4%B1%E6%8E%A7%E5%A4%9A%E9%87%8D%E5%AE%87%E5%AE%99-%E5%A4%A2%E9%AD%98%E7%AF%87%E9%A0%90%E5%91%8A-063947770.html?movie_id=12136,https://movies.yahoo.com.tw/x/r/w420/i/o/production/movies/March2022/rzHcO2XZWzQxrMn1TlMG-1280x1827.jpg,台北新民生戲院,台北市松山區民生東路五段190號3樓,260,"['動作', '奇幻', '劇情']",762386,202549418.0
115,奇異博士2：失控多重宇宙,11:20,98%,https://movies.yahoo.com.tw/video/%E5%A5%87%E7%95%B0%E5%8D%9A%E5%A3%AB2-%E5%A4%B1%E6%8E%A7%E5%A4%9A%E9%87%8D%E5%AE%87%E5%AE%99-%E5%A4%A2%E9%AD%98%E7%AF%87%E9%A0%90%E5%91%8A-063947770.html?movie_id=12136,https://movies.yahoo.com.tw/x/r/w420/i/o/production/movies/March2022/rzHcO2XZWzQxrMn1TlMG-1280x1827.jpg,哈拉影城,台北市內湖區康寧路三段72號6樓,290,"['動作', '奇幻', '劇情']",762386,202549418.0
116,奇異博士2：失控多重宇宙,14:00,98%,https://movies.yahoo.com.tw/video/%E5%A5%87%E7%95%B0%E5%8D%9A%E5%A3%AB2-%E5%A4%B1%E6%8E%A7%E5%A4%9A%E9%87%8D%E5%AE%87%E5%AE%99-%E5%A4%A2%E9%AD%98%E7%AF%87%E9%A0%90%E5%91%8A-063947770.html?movie_id=12136,https://movies.yahoo.com.tw/x/r/w420/i/o/production/movies/March2022/rzHcO2XZWzQxrMn1TlMG-1280x1827.jpg,哈拉影城,台北市內湖區康寧路三段72號6樓,290,"['動作', '奇幻', '劇情']",762386,202549418.0
117,奇異博士2：失控多重宇宙,15:10,98%,https://movies.yahoo.com.tw/video/%E5%A5%87%E7%95%B0%E5%8D%9A%E5%A3%AB2-%E5%A4%B1%E6%8E%A7%E5%A4%9A%E9%87%8D%E5%AE%87%E5%AE%99-%E5%A4%A2%E9%AD%98%E7%AF%87%E9%A0%90%E5%91%8A-063947770.html?movie_id=12136,https://movies.yahoo.com.tw/x/r/w420/i/o/production/movies/March2022/rzHcO2XZWzQxrMn1TlMG-1280x1827.jpg,哈拉影城,台北市內湖區康寧路三段72號6樓,290,"['動作', '奇幻', '劇情']",762386,202549418.0
118,奇異博士2：失控多重宇宙,16:30,98%,https://movies.yahoo.com.tw/video/%E5%A5%87%E7%95%B0%E5%8D%9A%E5%A3%AB2-%E5%A4%B1%E6%8E%A7%E5%A4%9A%E9%87%8D%E5%AE%87%E5%AE%99-%E5%A4%A2%E9%AD%98%E7%AF%87%E9%A0%90%E5%91%8A-063947770.html?movie_id=12136,https://movies.yahoo.com.tw/x/r/w420/i/o/production/movies/March2022/rzHcO2XZWzQxrMn1TlMG-1280x1827.jpg,哈拉影城,台北市內湖區康寧路三段72號6樓,290,"['動作', '奇幻', '劇情']",762386,202549418.0
119,奇異博士2：失控多重宇宙,17:40,98%,https://movies.yahoo.com.tw/video/%E5%A5%87%E7%95%B0%E5%8D%9A%E5%A3%AB2-%E5%A4%B1%E6%8E%A7%E5%A4%9A%E9%87%8D%E5%AE%87%E5%AE%99-%E5%A4%A2%E9%AD%98%E7%AF%87%E9%A0%90%E5%91%8A-063947770.html?movie_id=12136,https://movies.yahoo.com.tw/x/r/w420/i/o/production/movies/March2022/rzHcO2XZWzQxrMn1TlMG-1280x1827.jpg,哈拉影城,台北市內湖區康寧路三段72號6樓,290,"['動作', '奇幻', '劇情']",762386,202549418.0
120,奇異博士2：失控多重宇宙,19:00,98%,https://movies.yahoo.com.tw/video/%E5%A5%87%E7%95%B0%E5%8D%9A%E5%A3%AB2-%E5%A4%B1%E6%8E%A7%E5%A4%9A%E9%87%8D%E5%AE%87%E5%AE%99-%E5%A4%A2%E9%AD%98%E7%AF%87%E9%A0%90%E5%91%8A-063947770.html?movie_id=12136,https://movies.yahoo.com.tw/x/r/w420/i/o/production/movies/March2022/rzHcO2XZWzQxrMn1TlMG-1280x1827.jpg,哈拉影城,台北市內湖區康寧路三段72號6樓,290,"['動作', '奇幻', '劇情']",762386,202549418.0
121,奇異博士2：失控多重宇宙,20:10,98%,https://movies.yahoo.com.tw/video/%E5%A5%87%E7%95%B0%E5%8D%9A%E5%A3%AB2-%E5%A4%B1%E6%8E%A7%E5%A4%9A%E9%87%8D%E5%AE%87%E5%AE%99-%E5%A4%A2%E9%AD%98%E7%AF%87%E9%A0%90%E5%91%8A-063947770.html?movie_id=12136,https://movies.yahoo.com.tw/x/r/w420/i/o/production/movies/March2022/rzHcO2XZWzQxrMn1TlMG-1280x1827.jpg,哈拉影城,台北市內湖區康寧路三段72號6樓,290,"['動作', '奇幻', '劇情']",762386,202549418.0
122,奇異博士2：失控多重宇宙,21:30,98%,https://movies.yahoo.com.tw/video/%E5%A5%87%E7%95%B0%E5%8D%9A%E5%A3%AB2-%E5%A4%B1%E6%8E%A7%E5%A4%9A%E9%87%8D%E5%AE%87%E5%AE%99-%E5%A4%A2%E9%AD%98%E7%AF%87%E9%A0%90%E5%91%8A-063947770.html?movie_id=12136,https://movies.yahoo.com.tw/x/r/w420/i/o/production/movies/March2022/rzHcO2XZWzQxrMn1TlMG-1280x1827.jpg,哈拉影城,台北市內湖區康寧路三段72號6樓,290,"['動作', '奇幻', '劇情']",762386,202549418.0
123,奇異博士2：失控多重宇宙,14:50,98%,https://movies.yahoo.com.tw/video/%E5%A5%87%E7%95%B0%E5%8D%9A%E5%A3%AB2-%E5%A4%B1%E6%8E%A7%E5%A4%9A%E9%87%8D%E5%AE%87%E5%AE%99-%E5%A4%A2%E9%AD%98%E7%AF%87%E9%A0%90%E5%91%8A-063947770.html?movie_id=12136,https://movies.yahoo.com.tw/x/r/w420/i/o/production/movies/March2022/rzHcO2XZWzQxrMn1TlMG-1280x1827.jpg,梅花數位影院,台北市和平東路3段63號2F,270,"['動作', '奇幻', '劇情']",762386,202549418.0
124,奇異博士2：失控多重宇宙,17:10,98%,https://movies.yahoo.com.tw/video/%E5%A5%87%E7%95%B0%E5%8D%9A%E5%A3%AB2-%E5%A4%B1%E6%8E%A7%E5%A4%9A%E9%87%8D%E5%AE%87%E5%AE%99-%E5%A4%A2%E9%AD%98%E7%AF%87%E9%A0%90%E5%91%8A-063947770.html?movie_id=12136,https://movies.yahoo.com.tw/x/r/w420/i/o/production/movies/March2022/rzHcO2XZWzQxrMn1TlMG-1280x1827.jpg,梅花數位影院,台北市和平東路3段63號2F,270,"['動作', '奇幻', '劇情']",762386,202549418.0
125,奇異博士2：失控多重宇宙,11:00,98%,https://movies.yahoo.com.tw/video/%E5%A5%87%E7%95%B0%E5%8D%9A%E5%A3%AB2-%E5%A4%B1%E6%8E%A7%E5%A4%9A%E9%87%8D%E5%AE%87%E5%AE%99-%E5%A4%A2%E9%AD%98%E7%AF%87%E9%A0%90%E5%91%8A-063947770.html?movie_id=12136,https://movies.yahoo.com.tw/x/r/w420/i/o/production/movies/March2022/rzHcO2XZWzQxrMn1TlMG-1280x1827.jpg,喜樂時代影城南港店,台北市南港區忠孝東路7段299號,310,"['動作', '奇幻', '劇情']",762386,202549418.0
126,奇異博士2：失控多重宇宙,12:10,98%,https://movies.yahoo.com.tw/video/%E5%A5%87%E7%95%B0%E5%8D%9A%E5%A3%AB2-%E5%A4%B1%E6%8E%A7%E5%A4%9A%E9%87%8D%E5%AE%87%E5%AE%99-%E5%A4%A2%E9%AD%98%E7%AF%87%E9%A0%90%E5%91%8A-063947770.html?movie_id=12136,https://movies.yahoo.com.tw/x/r/w420/i/o/production/movies/March2022/rzHcO2XZWzQxrMn1TlMG-1280x1827.jpg,喜樂時代影城南港店,台北市南港區忠孝東路7段299號,310,"['動作', '奇幻', '劇情']",762386,202549418.0
127,奇異博士2：失控多重宇宙,13:35,98%,https://movies.yahoo.com.tw/video/%E5%A5%87%E7%95%B0%E5%8D%9A%E5%A3%AB2-%E5%A4%B1%E6%8E%A7%E5%A4%9A%E9%87%8D%E5%AE%87%E5%AE%99-%E5%A4%A2%E9%AD%98%E7%AF%87%E9%A0%90%E5%91%8A-063947770.html?movie_id=12136,https://movies.yahoo.com.tw/x/r/w420/i/o/production/movies/March2022/rzHcO2XZWzQxrMn1TlMG-1280x1827.jpg,喜樂時代影城南港店,台北市南港區忠孝東路7段299號,310,"['動作', '奇幻', '劇情']",762386,202549418.0
128,奇異博士2：失控多重宇宙,14:40,98%,https://movies.yahoo.com.tw/video/%E5%A5%87%E7%95%B0%E5%8D%9A%E5%A3%AB2-%E5%A4%B1%E6%8E%A7%E5%A4%9A%E9%87%8D%E5%AE%87%E5%AE%99-%E5%A4%A2%E9%AD%98%E7%AF%87%E9%A0%90%E5%91%8A-063947770.html?movie_id=12136,https://movies.yahoo.com.tw/x/r/w420/i/o/production/movies/March2022/rzHcO2XZWzQxrMn1TlMG-1280x1827.jpg,喜樂時代影城南港店,台北市南港區忠孝東路7段299號,310,"['動作', '奇幻', '劇情']",762386,202549418.0
129,奇異博士2：失控多重宇宙,17:10,98%,https://movies.yahoo.com.tw/video/%E5%A5%87%E7%95%B0%E5%8D%9A%E5%A3%AB2-%E5%A4%B1%E6%8E%A7%E5%A4%9A%E9%87%8D%E5%AE%87%E5%AE%99-%E5%A4%A2%E9%AD%98%E7%AF%87%E9%A0%90%E5%91%8A-063947770.html?movie_id=12136,https://movies.yahoo.com.tw/x/r/w420/i/o/production/movies/March2022/rzHcO2XZWzQxrMn1TlMG-1280x1827.jpg,喜樂時代影城南港店,台北市南港區忠孝東路7段299號,310,"['動作', '奇幻', '劇情']",762386,202549418.0
130,奇異博士2：失控多重宇宙,18:25,98%,https://movies.yahoo.com.tw/video/%E5%A5%87%E7%95%B0%E5%8D%9A%E5%A3%AB2-%E5%A4%B1%E6%8E%A7%E5%A4%9A%E9%87%8D%E5%AE%87%E5%AE%99-%E5%A4%A2%E9%AD%98%E7%AF%87%E9%A0%90%E5%91%8A-063947770.html?movie_id=12136,https://movies.yahoo.com.tw/x/r/w420/i/o/production/movies/March2022/rzHcO2XZWzQxrMn1TlMG-1280x1827.jpg,喜樂時代影城南港店,台北市南港區忠孝東路7段299號,310,"['動作', '奇幻', '劇情']",762386,202549418.0
131,奇異博士2：失控多重宇宙,19:35,98%,https://movies.yahoo.com.tw/video/%E5%A5%87%E7%95%B0%E5%8D%9A%E5%A3%AB2-%E5%A4%B1%E6%8E%A7%E5%A4%9A%E9%87%8D%E5%AE%87%E5%AE%99-%E5%A4%A2%E9%AD%98%E7%AF%87%E9%A0%90%E5%91%8A-063947770.html?movie_id=12136,https://movies.yahoo.com.tw/x/r/w420/i/o/production/movies/March2022/rzHcO2XZWzQxrMn1TlMG-1280x1827.jpg,喜樂時代影城南港店,台北市南港區忠孝東路7段299號,310,"['動作', '奇幻', '劇情']",762386,202549418.0
132,奇異博士2：失控多重宇宙,20:50,98%,https://movies.yahoo.com.tw/video/%E5%A5%87%E7%95%B0%E5%8D%9A%E5%A3%AB2-%E5%A4%B1%E6%8E%A7%E5%A4%9A%E9%87%8D%E5%AE%87%E5%AE%99-%E5%A4%A2%E9%AD%98%E7%AF%87%E9%A0%90%E5%91%8A-063947770.html?movie_id=12136,https://movies.yahoo.com.tw/x/r/w420/i/o/production/movies/March2022/rzHcO2XZWzQxrMn1TlMG-1280x1827.jpg,喜樂時代影城南港店,台北市南港區忠孝東路7段299號,310,"['動作', '奇幻', '劇情']",762386,202549418.0
133,奇異博士2：失控多重宇宙,22:00,98%,https://movies.yahoo.com.tw/video/%E5%A5%87%E7%95%B0%E5%8D%9A%E5%A3%AB2-%E5%A4%B1%E6%8E%A7%E5%A4%9A%E9%87%8D%E5%AE%87%E5%AE%99-%E5%A4%A2%E9%AD%98%E7%AF%87%E9%A0%90%E5%91%8A-063947770.html?movie_id=12136,https://movies.yahoo.com.tw/x/r/w420/i/o/production/movies/March2022/rzHcO2XZWzQxrMn1TlMG-1280x1827.jpg,喜樂時代影城南港店,台北市南港區忠孝東路7段299號,310,"['動作', '奇幻', '劇情']",762386,202549418.0
134,咒,00:00,97%,https://movies.yahoo.com.tw/video/%E5%92%92-%E9%81%8A%E8%A1%8C%E7%AF%87-102206717.html?movie_id=11477,https://movies.yahoo.com.tw/x/r/w420/i/o/production/movies/February2022/vjyrHV1QwVaAya1lA1Jg-500x714.jpg,板橋秀泰,新北市板橋區縣民大道2段3號,290,"['恐怖', '懸疑/驚悚']",717546,170740868.0
135,咒,23:30,97%,https://movies.yahoo.com.tw/video/%E5%92%92-%E9%81%8A%E8%A1%8C%E7%AF%87-102206717.html?movie_id=11477,https://movies.yahoo.com.tw/x/r/w420/i/o/production/movies/February2022/vjyrHV1QwVaAya1lA1Jg-500x714.jpg,信義威秀,台北市信義區松壽路18號,340,"['恐怖', '懸疑/驚悚']",717546,170740868.0
136,咒,18:00,97%,https://movies.yahoo.com.tw/video/%E5%92%92-%E9%81%8A%E8%A1%8C%E7%AF%87-102206717.html?movie_id=11477,https://movies.yahoo.com.tw/x/r/w420/i/o/production/movies/February2022/vjyrHV1QwVaAya1lA1Jg-500x714.jpg,台北in89豪華數位影,台北市萬華區武昌街二段89號,300,"['恐怖', '懸疑/驚悚']",717546,170740868.0
137,咒,03:10,97%,https://movies.yahoo.com.tw/video/%E5%92%92-%E9%81%8A%E8%A1%8C%E7%AF%87-102206717.html?movie_id=11477,https://movies.yahoo.com.tw/x/r/w420/i/o/production/movies/February2022/vjyrHV1QwVaAya1lA1Jg-500x714.jpg,台北樂聲影城,台北市萬華區武昌街二段85號,280,"['恐怖', '懸疑/驚悚']",717546,170740868.0
138,咒,14:45,97%,https://movies.yahoo.com.tw/video/%E5%92%92-%E9%81%8A%E8%A1%8C%E7%AF%87-102206717.html?movie_id=11477,https://movies.yahoo.com.tw/x/r/w420/i/o/production/movies/February2022/vjyrHV1QwVaAya1lA1Jg-500x714.jpg,喜樂時代影城南港店,台北市南港區忠孝東路7段299號,310,"['恐怖', '懸疑/驚悚']",717546,170740868.0
139,咒,21:05,97%,https://movies.yahoo.com.tw/video/%E5%92%92-%E9%81%8A%E8%A1%8C%E7%AF%87-102206717.html?movie_id=11477,https://movies.yahoo.com.tw/x/r/w420/i/o/production/movies/February2022/vjyrHV1QwVaAya1lA1Jg-500x714.jpg,喜樂時代影城南港店,台北市南港區忠孝東路7段299號,310,"['恐怖', '懸疑/驚悚']",717546,170740868.0
140,一家之主,10:00,60%,https://movies.yahoo.com.tw/video/%E5%AE%B6%E4%B9%8B%E4%B8%BB-%E4%B8%AD%E6%96%87%E9%A0%90%E5%91%8A-110747307.html?movie_id=11373,https://movies.yahoo.com.tw/x/r/w420/i/o/production/movies/March2022/TmwgD5qn0ZyHeE2lbCRf-1080x1542.jpg,信義威秀,台北市信義區松壽路18號,340,['劇情'],12800,2541037.0
141,一家之主,10:00,60%,https://movies.yahoo.com.tw/video/%E5%AE%B6%E4%B9%8B%E4%B8%BB-%E4%B8%AD%E6%96%87%E9%A0%90%E5%91%8A-110747307.html?movie_id=11373,https://movies.yahoo.com.tw/x/r/w420/i/o/production/movies/March2022/TmwgD5qn0ZyHeE2lbCRf-1080x1542.jpg,中和環球威秀,新北市中和區中山路三段122號4樓,310,['劇情'],12800,2541037.0
142,一家之主,16:50,60%,https://movies.yahoo.com.tw/video/%E5%AE%B6%E4%B9%8B%E4%B8%BB-%E4%B8%AD%E6%96%87%E9%A0%90%E5%91%8A-110747307.html?movie_id=11373,https://movies.yahoo.com.tw/x/r/w420/i/o/production/movies/March2022/TmwgD5qn0ZyHeE2lbCRf-1080x1542.jpg,喜樂時代影城南港店,台北市南港區忠孝東路7段299號,310,['劇情'],12800,2541037.0
143,怪獸與鄧不利多的秘密,09:50,96%,https://movies.yahoo.com.tw/video/%E6%80%AA%E7%8D%B8%E8%88%87%E9%84%A7%E4%B8%8D%E5%88%A9%E5%A4%9A%E7%9A%84%E7%A7%98%E5%AF%86-%E6%8F%AD%E9%96%8B%E9%84%A7%E4%B8%8D%E5%88%A9%E5%A4%9A%E4%B9%8B%E8%AC%8E-090208072.html?movie_id=12030,https://movies.yahoo.com.tw/x/r/w420/i/o/production/movies/April2022/gyDW2yUJ0rEXsmI6czOD-1080x1541.jpg,信義威秀,台北市信義區松壽路18號,340,"['冒險', '奇幻', '劇情']",463975,121164581.0
144,怪獸與鄧不利多的秘密,16:20,96%,https://movies.yahoo.com.tw/video/%E6%80%AA%E7%8D%B8%E8%88%87%E9%84%A7%E4%B8%8D%E5%88%A9%E5%A4%9A%E7%9A%84%E7%A7%98%E5%AF%86-%E6%8F%AD%E9%96%8B%E9%84%A7%E4%B8%8D%E5%88%A9%E5%A4%9A%E4%B9%8B%E8%AC%8E-090208072.html?movie_id=12030,https://movies.yahoo.com.tw/x/r/w420/i/o/production/movies/April2022/gyDW2yUJ0rEXsmI6czOD-1080x1541.jpg,信義威秀,台北市信義區松壽路18號,340,"['冒險', '奇幻', '劇情']",463975,121164581.0
145,怪獸與鄧不利多的秘密,20:50,96%,https://movies.yahoo.com.tw/video/%E6%80%AA%E7%8D%B8%E8%88%87%E9%84%A7%E4%B8%8D%E5%88%A9%E5%A4%9A%E7%9A%84%E7%A7%98%E5%AF%86-%E6%8F%AD%E9%96%8B%E9%84%A7%E4%B8%8D%E5%88%A9%E5%A4%9A%E4%B9%8B%E8%AC%8E-090208072.html?movie_id=12030,https://movies.yahoo.com.tw/x/r/w420/i/o/production/movies/April2022/gyDW2yUJ0rEXsmI6czOD-1080x1541.jpg,信義威秀,台北市信義區松壽路18號,340,"['冒險', '奇幻', '劇情']",463975,121164581.0
146,怪獸與鄧不利多的秘密,09:35,96%,https://movies.yahoo.com.tw/video/%E6%80%AA%E7%8D%B8%E8%88%87%E9%84%A7%E4%B8%8D%E5%88%A9%E5%A4%9A%E7%9A%84%E7%A7%98%E5%AF%86-%E6%8F%AD%E9%96%8B%E9%84%A7%E4%B8%8D%E5%88%A9%E5%A4%9A%E4%B9%8B%E8%AC%8E-090208072.html?movie_id=12030,https://movies.yahoo.com.tw/x/r/w420/i/o/production/movies/April2022/gyDW2yUJ0rEXsmI6czOD-1080x1541.jpg,板橋大遠百威秀,新北市板橋區新站路28號10樓,330,"['冒險', '奇幻', '劇情']",463975,121164581.0
147,怪獸與鄧不利多的秘密,16:45,96%,https://movies.yahoo.com.tw/video/%E6%80%AA%E7%8D%B8%E8%88%87%E9%84%A7%E4%B8%8D%E5%88%A9%E5%A4%9A%E7%9A%84%E7%A7%98%E5%AF%86-%E6%8F%AD%E9%96%8B%E9%84%A7%E4%B8%8D%E5%88%A9%E5%A4%9A%E4%B9%8B%E8%AC%8E-090208072.html?movie_id=12030,https://movies.yahoo.com.tw/x/r/w420/i/o/production/movies/April2022/gyDW2yUJ0rEXsmI6czOD-1080x1541.jpg,板橋大遠百威秀,新北市板橋區新站路28號10樓,330,"['冒險', '奇幻', '劇情']",463975,121164581.0
148,怪獸與鄧不利多的秘密,15:40,96%,https://movies.yahoo.com.tw/video/%E6%80%AA%E7%8D%B8%E8%88%87%E9%84%A7%E4%B8%8D%E5%88%A9%E5%A4%9A%E7%9A%84%E7%A7%98%E5%AF%86-%E6%8F%AD%E9%96%8B%E9%84%A7%E4%B8%8D%E5%88%A9%E5%A4%9A%E4%B9%8B%E8%AC%8E-090208072.html?movie_id=12030,https://movies.yahoo.com.tw/x/r/w420/i/o/production/movies/April2022/gyDW2yUJ0rEXsmI6czOD-1080x1541.jpg,喜滿客絕色影城,台北市萬華區漢中街52號10、11樓,270,"['冒險', '奇幻', '劇情']",463975,121164581.0
149,怪獸與鄧不利多的秘密,16:40,96%,https://movies.yahoo.com.tw/video/%E6%80%AA%E7%8D%B8%E8%88%87%E9%84%A7%E4%B8%8D%E5%88%A9%E5%A4%9A%E7%9A%84%E7%A7%98%E5%AF%86-%E6%8F%AD%E9%96%8B%E9%84%A7%E4%B8%8D%E5%88%A9%E5%A4%9A%E4%B9%8B%E8%AC%8E-090208072.html?movie_id=12030,https://movies.yahoo.com.tw/x/r/w420/i/o/production/movies/April2022/gyDW2yUJ0rEXsmI6czOD-1080x1541.jpg,京站威秀,台北市大同區市民大道一段209號5樓,340,"['冒險', '奇幻', '劇情']",463975,121164581.0
150,怪獸與鄧不利多的秘密,21:15,96%,https://movies.yahoo.com.tw/video/%E6%80%AA%E7%8D%B8%E8%88%87%E9%84%A7%E4%B8%8D%E5%88%A9%E5%A4%9A%E7%9A%84%E7%A7%98%E5%AF%86-%E6%8F%AD%E9%96%8B%E9%84%A7%E4%B8%8D%E5%88%A9%E5%A4%9A%E4%B9%8B%E8%AC%8E-090208072.html?movie_id=12030,https://movies.yahoo.com.tw/x/r/w420/i/o/production/movies/April2022/gyDW2yUJ0rEXsmI6czOD-1080x1541.jpg,京站威秀,台北市大同區市民大道一段209號5樓,340,"['冒險', '奇幻', '劇情']",463975,121164581.0
151,怪獸與鄧不利多的秘密,11:20,96%,https://movies.yahoo.com.tw/video/%E6%80%AA%E7%8D%B8%E8%88%87%E9%84%A7%E4%B8%8D%E5%88%A9%E5%A4%9A%E7%9A%84%E7%A7%98%E5%AF%86-%E6%8F%AD%E9%96%8B%E9%84%A7%E4%B8%8D%E5%88%A9%E5%A4%9A%E4%B9%8B%E8%AC%8E-090208072.html?movie_id=12030,https://movies.yahoo.com.tw/x/r/w420/i/o/production/movies/April2022/gyDW2yUJ0rEXsmI6czOD-1080x1541.jpg,松仁威秀,台北市信義區松仁路58號10樓,370,"['冒險', '奇幻', '劇情']",463975,121164581.0
152,怪獸與鄧不利多的秘密,19:55,96%,https://movies.yahoo.com.tw/video/%E6%80%AA%E7%8D%B8%E8%88%87%E9%84%A7%E4%B8%8D%E5%88%A9%E5%A4%9A%E7%9A%84%E7%A7%98%E5%AF%86-%E6%8F%AD%E9%96%8B%E9%84%A7%E4%B8%8D%E5%88%A9%E5%A4%9A%E4%B9%8B%E8%AC%8E-090208072.html?movie_id=12030,https://movies.yahoo.com.tw/x/r/w420/i/o/production/movies/April2022/gyDW2yUJ0rEXsmI6czOD-1080x1541.jpg,中和環球威秀,新北市中和區中山路三段122號4樓,310,"['冒險', '奇幻', '劇情']",463975,121164581.0
153,怪獸與鄧不利多的秘密,16:25,96%,https://movies.yahoo.com.tw/video/%E6%80%AA%E7%8D%B8%E8%88%87%E9%84%A7%E4%B8%8D%E5%88%A9%E5%A4%9A%E7%9A%84%E7%A7%98%E5%AF%86-%E6%8F%AD%E9%96%8B%E9%84%A7%E4%B8%8D%E5%88%A9%E5%A4%9A%E4%B9%8B%E8%AC%8E-090208072.html?movie_id=12030,https://movies.yahoo.com.tw/x/r/w420/i/o/production/movies/April2022/gyDW2yUJ0rEXsmI6czOD-1080x1541.jpg,林口威秀,新北市林口區文化三路一段356號3樓,370,"['冒險', '奇幻', '劇情']",463975,121164581.0
154,怪獸與鄧不利多的秘密,09:20,96%,https://movies.yahoo.com.tw/video/%E6%80%AA%E7%8D%B8%E8%88%87%E9%84%A7%E4%B8%8D%E5%88%A9%E5%A4%9A%E7%9A%84%E7%A7%98%E5%AF%86-%E6%8F%AD%E9%96%8B%E9%84%A7%E4%B8%8D%E5%88%A9%E5%A4%9A%E4%B9%8B%E8%AC%8E-090208072.html?movie_id=12030,https://movies.yahoo.com.tw/x/r/w420/i/o/production/movies/April2022/gyDW2yUJ0rEXsmI6czOD-1080x1541.jpg,台北美麗華大直影城,台北市中山區敬業三路22號6樓,330,"['冒險', '奇幻', '劇情']",463975,121164581.0
155,怪獸與鄧不利多的秘密,16:20,96%,https://movies.yahoo.com.tw/video/%E6%80%AA%E7%8D%B8%E8%88%87%E9%84%A7%E4%B8%8D%E5%88%A9%E5%A4%9A%E7%9A%84%E7%A7%98%E5%AF%86-%E6%8F%AD%E9%96%8B%E9%84%A7%E4%B8%8D%E5%88%A9%E5%A4%9A%E4%B9%8B%E8%AC%8E-090208072.html?movie_id=12030,https://movies.yahoo.com.tw/x/r/w420/i/o/production/movies/April2022/gyDW2yUJ0rEXsmI6czOD-1080x1541.jpg,台北in89豪華數位影,台北市萬華區武昌街二段89號,300,"['冒險', '奇幻', '劇情']",463975,121164581.0
156,怪獸與鄧不利多的秘密,21:30,96%,https://movies.yahoo.com.tw/video/%E6%80%AA%E7%8D%B8%E8%88%87%E9%84%A7%E4%B8%8D%E5%88%A9%E5%A4%9A%E7%9A%84%E7%A7%98%E5%AF%86-%E6%8F%AD%E9%96%8B%E9%84%A7%E4%B8%8D%E5%88%A9%E5%A4%9A%E4%B9%8B%E8%AC%8E-090208072.html?movie_id=12030,https://movies.yahoo.com.tw/x/r/w420/i/o/production/movies/April2022/gyDW2yUJ0rEXsmI6czOD-1080x1541.jpg,台北in89豪華數位影,台北市萬華區武昌街二段89號,300,"['冒險', '奇幻', '劇情']",463975,121164581.0
157,怪獸與鄧不利多的秘密,12:25,96%,https://movies.yahoo.com.tw/video/%E6%80%AA%E7%8D%B8%E8%88%87%E9%84%A7%E4%B8%8D%E5%88%A9%E5%A4%9A%E7%9A%84%E7%A7%98%E5%AF%86-%E6%8F%AD%E9%96%8B%E9%84%A7%E4%B8%8D%E5%88%A9%E5%A4%9A%E4%B9%8B%E8%AC%8E-090208072.html?movie_id=12030,https://movies.yahoo.com.tw/x/r/w420/i/o/production/movies/April2022/gyDW2yUJ0rEXsmI6czOD-1080x1541.jpg,哈拉影城,台北市內湖區康寧路三段72號6樓,290,"['冒險', '奇幻', '劇情']",463975,121164581.0
158,怪獸與鄧不利多的秘密,14:00,96%,https://movies.yahoo.com.tw/video/%E6%80%AA%E7%8D%B8%E8%88%87%E9%84%A7%E4%B8%8D%E5%88%A9%E5%A4%9A%E7%9A%84%E7%A7%98%E5%AF%86-%E6%8F%AD%E9%96%8B%E9%84%A7%E4%B8%8D%E5%88%A9%E5%A4%9A%E4%B9%8B%E8%AC%8E-090208072.html?movie_id=12030,https://movies.yahoo.com.tw/x/r/w420/i/o/production/movies/April2022/gyDW2yUJ0rEXsmI6czOD-1080x1541.jpg,喜樂時代影城南港店,台北市南港區忠孝東路7段299號,310,"['冒險', '奇幻', '劇情']",463975,121164581.0
159,怪獸與鄧不利多的秘密,21:15,96%,https://movies.yahoo.com.tw/video/%E6%80%AA%E7%8D%B8%E8%88%87%E9%84%A7%E4%B8%8D%E5%88%A9%E5%A4%9A%E7%9A%84%E7%A7%98%E5%AF%86-%E6%8F%AD%E9%96%8B%E9%84%A7%E4%B8%8D%E5%88%A9%E5%A4%9A%E4%B9%8B%E8%AC%8E-090208072.html?movie_id=12030,https://movies.yahoo.com.tw/x/r/w420/i/o/production/movies/April2022/gyDW2yUJ0rEXsmI6czOD-1080x1541.jpg,喜樂時代影城南港店,台北市南港區忠孝東路7段299號,310,"['冒險', '奇幻', '劇情']",463975,121164581.0
160,媽的多重宇宙,09:50,87%,https://movies.yahoo.com.tw/video/%E5%AA%BD%E7%9A%84%E5%A4%9A%E9%87%8D%E5%AE%87%E5%AE%99-%E9%8D%B5%E7%9B%A4%E6%98%AF%E7%94%A8%E4%BE%86%E6%89%93%E7%9A%84-071550194.html?movie_id=12804,https://movies.yahoo.com.tw/x/r/w420/i/o/production/movies/March2022/eJLS7BFacgQXl6hbNAAv-1080x1542.jpg,信義威秀,台北市信義區松壽路18號,340,"['動作', '冒險', '喜劇']",238908,59009959.0
161,媽的多重宇宙,12:30,87%,https://movies.yahoo.com.tw/video/%E5%AA%BD%E7%9A%84%E5%A4%9A%E9%87%8D%E5%AE%87%E5%AE%99-%E9%8D%B5%E7%9B%A4%E6%98%AF%E7%94%A8%E4%BE%86%E6%89%93%E7%9A%84-071550194.html?movie_id=12804,https://movies.yahoo.com.tw/x/r/w420/i/o/production/movies/March2022/eJLS7BFacgQXl6hbNAAv-1080x1542.jpg,信義威秀,台北市信義區松壽路18號,340,"['動作', '冒險', '喜劇']",238908,59009959.0
162,媽的多重宇宙,15:10,87%,https://movies.yahoo.com.tw/video/%E5%AA%BD%E7%9A%84%E5%A4%9A%E9%87%8D%E5%AE%87%E5%AE%99-%E9%8D%B5%E7%9B%A4%E6%98%AF%E7%94%A8%E4%BE%86%E6%89%93%E7%9A%84-071550194.html?movie_id=12804,https://movies.yahoo.com.tw/x/r/w420/i/o/production/movies/March2022/eJLS7BFacgQXl6hbNAAv-1080x1542.jpg,信義威秀,台北市信義區松壽路18號,340,"['動作', '冒險', '喜劇']",238908,59009959.0
163,媽的多重宇宙,17:50,87%,https://movies.yahoo.com.tw/video/%E5%AA%BD%E7%9A%84%E5%A4%9A%E9%87%8D%E5%AE%87%E5%AE%99-%E9%8D%B5%E7%9B%A4%E6%98%AF%E7%94%A8%E4%BE%86%E6%89%93%E7%9A%84-071550194.html?movie_id=12804,https://movies.yahoo.com.tw/x/r/w420/i/o/production/movies/March2022/eJLS7BFacgQXl6hbNAAv-1080x1542.jpg,信義威秀,台北市信義區松壽路18號,340,"['動作', '冒險', '喜劇']",238908,59009959.0
164,媽的多重宇宙,20:30,87%,https://movies.yahoo.com.tw/video/%E5%AA%BD%E7%9A%84%E5%A4%9A%E9%87%8D%E5%AE%87%E5%AE%99-%E9%8D%B5%E7%9B%A4%E6%98%AF%E7%94%A8%E4%BE%86%E6%89%93%E7%9A%84-071550194.html?movie_id=12804,https://movies.yahoo.com.tw/x/r/w420/i/o/production/movies/March2022/eJLS7BFacgQXl6hbNAAv-1080x1542.jpg,信義威秀,台北市信義區松壽路18號,340,"['動作', '冒險', '喜劇']",238908,59009959.0
165,媽的多重宇宙,23:10,87%,https://movies.yahoo.com.tw/video/%E5%AA%BD%E7%9A%84%E5%A4%9A%E9%87%8D%E5%AE%87%E5%AE%99-%E9%8D%B5%E7%9B%A4%E6%98%AF%E7%94%A8%E4%BE%86%E6%89%93%E7%9A%84-071550194.html?movie_id=12804,https://movies.yahoo.com.tw/x/r/w420/i/o/production/movies/March2022/eJLS7BFacgQXl6hbNAAv-1080x1542.jpg,信義威秀,台北市信義區松壽路18號,340,"['動作', '冒險', '喜劇']",238908,59009959.0
166,媽的多重宇宙,14:05,87%,https://movies.yahoo.com.tw/video/%E5%AA%BD%E7%9A%84%E5%A4%9A%E9%87%8D%E5%AE%87%E5%AE%99-%E9%8D%B5%E7%9B%A4%E6%98%AF%E7%94%A8%E4%BE%86%E6%89%93%E7%9A%84-071550194.html?movie_id=12804,https://movies.yahoo.com.tw/x/r/w420/i/o/production/movies/March2022/eJLS7BFacgQXl6hbNAAv-1080x1542.jpg,板橋大遠百威秀,新北市板橋區新站路28號10樓,330,"['動作', '冒險', '喜劇']",238908,59009959.0
167,媽的多重宇宙,20:40,87%,https://movies.yahoo.com.tw/video/%E5%AA%BD%E7%9A%84%E5%A4%9A%E9%87%8D%E5%AE%87%E5%AE%99-%E9%8D%B5%E7%9B%A4%E6%98%AF%E7%94%A8%E4%BE%86%E6%89%93%E7%9A%84-071550194.html?movie_id=12804,https://movies.yahoo.com.tw/x/r/w420/i/o/production/movies/March2022/eJLS7BFacgQXl6hbNAAv-1080x1542.jpg,板橋大遠百威秀,新北市板橋區新站路28號10樓,330,"['動作', '冒險', '喜劇']",238908,59009959.0
168,媽的多重宇宙,23:15,87%,https://movies.yahoo.com.tw/video/%E5%AA%BD%E7%9A%84%E5%A4%9A%E9%87%8D%E5%AE%87%E5%AE%99-%E9%8D%B5%E7%9B%A4%E6%98%AF%E7%94%A8%E4%BE%86%E6%89%93%E7%9A%84-071550194.html?movie_id=12804,https://movies.yahoo.com.tw/x/r/w420/i/o/production/movies/March2022/eJLS7BFacgQXl6hbNAAv-1080x1542.jpg,板橋大遠百威秀,新北市板橋區新站路28號10樓,330,"['動作', '冒險', '喜劇']",238908,59009959.0
169,媽的多重宇宙,15:20,87%,https://movies.yahoo.com.tw/video/%E5%AA%BD%E7%9A%84%E5%A4%9A%E9%87%8D%E5%AE%87%E5%AE%99-%E9%8D%B5%E7%9B%A4%E6%98%AF%E7%94%A8%E4%BE%86%E6%89%93%E7%9A%84-071550194.html?movie_id=12804,https://movies.yahoo.com.tw/x/r/w420/i/o/production/movies/March2022/eJLS7BFacgQXl6hbNAAv-1080x1542.jpg,喜滿客絕色影城,台北市萬華區漢中街52號10、11樓,270,"['動作', '冒險', '喜劇']",238908,59009959.0
170,媽的多重宇宙,17:25,87%,https://movies.yahoo.com.tw/video/%E5%AA%BD%E7%9A%84%E5%A4%9A%E9%87%8D%E5%AE%87%E5%AE%99-%E9%8D%B5%E7%9B%A4%E6%98%AF%E7%94%A8%E4%BE%86%E6%89%93%E7%9A%84-071550194.html?movie_id=12804,https://movies.yahoo.com.tw/x/r/w420/i/o/production/movies/March2022/eJLS7BFacgQXl6hbNAAv-1080x1542.jpg,喜滿客絕色影城,台北市萬華區漢中街52號10、11樓,270,"['動作', '冒險', '喜劇']",238908,59009959.0
171,媽的多重宇宙,20:05,87%,https://movies.yahoo.com.tw/video/%E5%AA%BD%E7%9A%84%E5%A4%9A%E9%87%8D%E5%AE%87%E5%AE%99-%E9%8D%B5%E7%9B%A4%E6%98%AF%E7%94%A8%E4%BE%86%E6%89%93%E7%9A%84-071550194.html?movie_id=12804,https://movies.yahoo.com.tw/x/r/w420/i/o/production/movies/March2022/eJLS7BFacgQXl6hbNAAv-1080x1542.jpg,喜滿客絕色影城,台北市萬華區漢中街52號10、11樓,270,"['動作', '冒險', '喜劇']",238908,59009959.0
172,媽的多重宇宙,13:50,87%,https://movies.yahoo.com.tw/video/%E5%AA%BD%E7%9A%84%E5%A4%9A%E9%87%8D%E5%AE%87%E5%AE%99-%E9%8D%B5%E7%9B%A4%E6%98%AF%E7%94%A8%E4%BE%86%E6%89%93%E7%9A%84-071550194.html?movie_id=12804,https://movies.yahoo.com.tw/x/r/w420/i/o/production/movies/March2022/eJLS7BFacgQXl6hbNAAv-1080x1542.jpg,京站威秀,台北市大同區市民大道一段209號5樓,340,"['動作', '冒險', '喜劇']",238908,59009959.0
173,媽的多重宇宙,18:40,87%,https://movies.yahoo.com.tw/video/%E5%AA%BD%E7%9A%84%E5%A4%9A%E9%87%8D%E5%AE%87%E5%AE%99-%E9%8D%B5%E7%9B%A4%E6%98%AF%E7%94%A8%E4%BE%86%E6%89%93%E7%9A%84-071550194.html?movie_id=12804,https://movies.yahoo.com.tw/x/r/w420/i/o/production/movies/March2022/eJLS7BFacgQXl6hbNAAv-1080x1542.jpg,京站威秀,台北市大同區市民大道一段209號5樓,340,"['動作', '冒險', '喜劇']",238908,59009959.0
174,媽的多重宇宙,23:45,87%,https://movies.yahoo.com.tw/video/%E5%AA%BD%E7%9A%84%E5%A4%9A%E9%87%8D%E5%AE%87%E5%AE%99-%E9%8D%B5%E7%9B%A4%E6%98%AF%E7%94%A8%E4%BE%86%E6%89%93%E7%9A%84-071550194.html?movie_id=12804,https://movies.yahoo.com.tw/x/r/w420/i/o/production/movies/March2022/eJLS7BFacgQXl6hbNAAv-1080x1542.jpg,京站威秀,台北市大同區市民大道一段209號5樓,340,"['動作', '冒險', '喜劇']",238908,59009959.0
175,媽的多重宇宙,15:30,87%,https://movies.yahoo.com.tw/video/%E5%AA%BD%E7%9A%84%E5%A4%9A%E9%87%8D%E5%AE%87%E5%AE%99-%E9%8D%B5%E7%9B%A4%E6%98%AF%E7%94%A8%E4%BE%86%E6%89%93%E7%9A%84-071550194.html?movie_id=12804,https://movies.yahoo.com.tw/x/r/w420/i/o/production/movies/March2022/eJLS7BFacgQXl6hbNAAv-1080x1542.jpg,松仁威秀,台北市信義區松仁路58號10樓,370,"['動作', '冒險', '喜劇']",238908,59009959.0
176,媽的多重宇宙,20:50,87%,https://movies.yahoo.com.tw/video/%E5%AA%BD%E7%9A%84%E5%A4%9A%E9%87%8D%E5%AE%87%E5%AE%99-%E9%8D%B5%E7%9B%A4%E6%98%AF%E7%94%A8%E4%BE%86%E6%89%93%E7%9A%84-071550194.html?movie_id=12804,https://movies.yahoo.com.tw/x/r/w420/i/o/production/movies/March2022/eJLS7BFacgQXl6hbNAAv-1080x1542.jpg,松仁威秀,台北市信義區松仁路58號10樓,370,"['動作', '冒險', '喜劇']",238908,59009959.0
177,媽的多重宇宙,23:30,87%,https://movies.yahoo.com.tw/video/%E5%AA%BD%E7%9A%84%E5%A4%9A%E9%87%8D%E5%AE%87%E5%AE%99-%E9%8D%B5%E7%9B%A4%E6%98%AF%E7%94%A8%E4%BE%86%E6%89%93%E7%9A%84-071550194.html?movie_id=12804,https://movies.yahoo.com.tw/x/r/w420/i/o/production/movies/March2022/eJLS7BFacgQXl6hbNAAv-1080x1542.jpg,松仁威秀,台北市信義區松仁路58號10樓,370,"['動作', '冒險', '喜劇']",238908,59009959.0
178,媽的多重宇宙,12:20,87%,https://movies.yahoo.com.tw/video/%E5%AA%BD%E7%9A%84%E5%A4%9A%E9%87%8D%E5%AE%87%E5%AE%99-%E9%8D%B5%E7%9B%A4%E6%98%AF%E7%94%A8%E4%BE%86%E6%89%93%E7%9A%84-071550194.html?movie_id=12804,https://movies.yahoo.com.tw/x/r/w420/i/o/production/movies/March2022/eJLS7BFacgQXl6hbNAAv-1080x1542.jpg,中和環球威秀,新北市中和區中山路三段122號4樓,310,"['動作', '冒險', '喜劇']",238908,59009959.0
179,媽的多重宇宙,19:20,87%,https://movies.yahoo.com.tw/video/%E5%AA%BD%E7%9A%84%E5%A4%9A%E9%87%8D%E5%AE%87%E5%AE%99-%E9%8D%B5%E7%9B%A4%E6%98%AF%E7%94%A8%E4%BE%86%E6%89%93%E7%9A%84-071550194.html?movie_id=12804,https://movies.yahoo.com.tw/x/r/w420/i/o/production/movies/March2022/eJLS7BFacgQXl6hbNAAv-1080x1542.jpg,中和環球威秀,新北市中和區中山路三段122號4樓,310,"['動作', '冒險', '喜劇']",238908,59009959.0
180,媽的多重宇宙,22:35,87%,https://movies.yahoo.com.tw/video/%E5%AA%BD%E7%9A%84%E5%A4%9A%E9%87%8D%E5%AE%87%E5%AE%99-%E9%8D%B5%E7%9B%A4%E6%98%AF%E7%94%A8%E4%BE%86%E6%89%93%E7%9A%84-071550194.html?movie_id=12804,https://movies.yahoo.com.tw/x/r/w420/i/o/production/movies/March2022/eJLS7BFacgQXl6hbNAAv-1080x1542.jpg,中和環球威秀,新北市中和區中山路三段122號4樓,310,"['動作', '冒險', '喜劇']",238908,59009959.0
181,媽的多重宇宙,10:30,87%,https://movies.yahoo.com.tw/video/%E5%AA%BD%E7%9A%84%E5%A4%9A%E9%87%8D%E5%AE%87%E5%AE%99-%E9%8D%B5%E7%9B%A4%E6%98%AF%E7%94%A8%E4%BE%86%E6%89%93%E7%9A%84-071550194.html?movie_id=12804,https://movies.yahoo.com.tw/x/r/w420/i/o/production/movies/March2022/eJLS7BFacgQXl6hbNAAv-1080x1542.jpg,林口威秀,新北市林口區文化三路一段356號3樓,370,"['動作', '冒險', '喜劇']",238908,59009959.0
182,媽的多重宇宙,15:30,87%,https://movies.yahoo.com.tw/video/%E5%AA%BD%E7%9A%84%E5%A4%9A%E9%87%8D%E5%AE%87%E5%AE%99-%E9%8D%B5%E7%9B%A4%E6%98%AF%E7%94%A8%E4%BE%86%E6%89%93%E7%9A%84-071550194.html?movie_id=12804,https://movies.yahoo.com.tw/x/r/w420/i/o/production/movies/March2022/eJLS7BFacgQXl6hbNAAv-1080x1542.jpg,林口威秀,新北市林口區文化三路一段356號3樓,370,"['動作', '冒險', '喜劇']",238908,59009959.0
183,媽的多重宇宙,20:10,87%,https://movies.yahoo.com.tw/video/%E5%AA%BD%E7%9A%84%E5%A4%9A%E9%87%8D%E5%AE%87%E5%AE%99-%E9%8D%B5%E7%9B%A4%E6%98%AF%E7%94%A8%E4%BE%86%E6%89%93%E7%9A%84-071550194.html?movie_id=12804,https://movies.yahoo.com.tw/x/r/w420/i/o/production/movies/March2022/eJLS7BFacgQXl6hbNAAv-1080x1542.jpg,林口威秀,新北市林口區文化三路一段356號3樓,370,"['動作', '冒險', '喜劇']",238908,59009959.0
184,媽的多重宇宙,09:30,87%,https://movies.yahoo.com.tw/video/%E5%AA%BD%E7%9A%84%E5%A4%9A%E9%87%8D%E5%AE%87%E5%AE%99-%E9%8D%B5%E7%9B%A4%E6%98%AF%E7%94%A8%E4%BE%86%E6%89%93%E7%9A%84-071550194.html?movie_id=12804,https://movies.yahoo.com.tw/x/r/w420/i/o/production/movies/March2022/eJLS7BFacgQXl6hbNAAv-1080x1542.jpg,台北美麗華大直影城,台北市中山區敬業三路22號6樓,330,"['動作', '冒險', '喜劇']",238908,59009959.0
185,媽的多重宇宙,14:30,87%,https://movies.yahoo.com.tw/video/%E5%AA%BD%E7%9A%84%E5%A4%9A%E9%87%8D%E5%AE%87%E5%AE%99-%E9%8D%B5%E7%9B%A4%E6%98%AF%E7%94%A8%E4%BE%86%E6%89%93%E7%9A%84-071550194.html?movie_id=12804,https://movies.yahoo.com.tw/x/r/w420/i/o/production/movies/March2022/eJLS7BFacgQXl6hbNAAv-1080x1542.jpg,台北美麗華大直影城,台北市中山區敬業三路22號6樓,330,"['動作', '冒險', '喜劇']",238908,59009959.0
186,媽的多重宇宙,17:10,87%,https://movies.yahoo.com.tw/video/%E5%AA%BD%E7%9A%84%E5%A4%9A%E9%87%8D%E5%AE%87%E5%AE%99-%E9%8D%B5%E7%9B%A4%E6%98%AF%E7%94%A8%E4%BE%86%E6%89%93%E7%9A%84-071550194.html?movie_id=12804,https://movies.yahoo.com.tw/x/r/w420/i/o/production/movies/March2022/eJLS7BFacgQXl6hbNAAv-1080x1542.jpg,台北美麗華大直影城,台北市中山區敬業三路22號6樓,330,"['動作', '冒險', '喜劇']",238908,59009959.0
187,媽的多重宇宙,19:50,87%,https://movies.yahoo.com.tw/video/%E5%AA%BD%E7%9A%84%E5%A4%9A%E9%87%8D%E5%AE%87%E5%AE%99-%E9%8D%B5%E7%9B%A4%E6%98%AF%E7%94%A8%E4%BE%86%E6%89%93%E7%9A%84-071550194.html?movie_id=12804,https://movies.yahoo.com.tw/x/r/w420/i/o/production/movies/March2022/eJLS7BFacgQXl6hbNAAv-1080x1542.jpg,台北美麗華大直影城,台北市中山區敬業三路22號6樓,330,"['動作', '冒險', '喜劇']",238908,59009959.0
188,媽的多重宇宙,22:30,87%,https://movies.yahoo.com.tw/video/%E5%AA%BD%E7%9A%84%E5%A4%9A%E9%87%8D%E5%AE%87%E5%AE%99-%E9%8D%B5%E7%9B%A4%E6%98%AF%E7%94%A8%E4%BE%86%E6%89%93%E7%9A%84-071550194.html?movie_id=12804,https://movies.yahoo.com.tw/x/r/w420/i/o/production/movies/March2022/eJLS7BFacgQXl6hbNAAv-1080x1542.jpg,台北美麗華大直影城,台北市中山區敬業三路22號6樓,330,"['動作', '冒險', '喜劇']",238908,59009959.0
189,媽的多重宇宙,10:20,87%,https://movies.yahoo.com.tw/video/%E5%AA%BD%E7%9A%84%E5%A4%9A%E9%87%8D%E5%AE%87%E5%AE%99-%E9%8D%B5%E7%9B%A4%E6%98%AF%E7%94%A8%E4%BE%86%E6%89%93%E7%9A%84-071550194.html?movie_id=12804,https://movies.yahoo.com.tw/x/r/w420/i/o/production/movies/March2022/eJLS7BFacgQXl6hbNAAv-1080x1542.jpg,台北in89豪華數位影,台北市萬華區武昌街二段89號,300,"['動作', '冒險', '喜劇']",238908,59009959.0
190,媽的多重宇宙,12:50,87%,https://movies.yahoo.com.tw/video/%E5%AA%BD%E7%9A%84%E5%A4%9A%E9%87%8D%E5%AE%87%E5%AE%99-%E9%8D%B5%E7%9B%A4%E6%98%AF%E7%94%A8%E4%BE%86%E6%89%93%E7%9A%84-071550194.html?movie_id=12804,https://movies.yahoo.com.tw/x/r/w420/i/o/production/movies/March2022/eJLS7BFacgQXl6hbNAAv-1080x1542.jpg,台北in89豪華數位影,台北市萬華區武昌街二段89號,300,"['動作', '冒險', '喜劇']",238908,59009959.0
191,媽的多重宇宙,15:30,87%,https://movies.yahoo.com.tw/video/%E5%AA%BD%E7%9A%84%E5%A4%9A%E9%87%8D%E5%AE%87%E5%AE%99-%E9%8D%B5%E7%9B%A4%E6%98%AF%E7%94%A8%E4%BE%86%E6%89%93%E7%9A%84-071550194.html?movie_id=12804,https://movies.yahoo.com.tw/x/r/w420/i/o/production/movies/March2022/eJLS7BFacgQXl6hbNAAv-1080x1542.jpg,台北in89豪華數位影,台北市萬華區武昌街二段89號,300,"['動作', '冒險', '喜劇']",238908,59009959.0
192,媽的多重宇宙,20:00,87%,https://movies.yahoo.com.tw/video/%E5%AA%BD%E7%9A%84%E5%A4%9A%E9%87%8D%E5%AE%87%E5%AE%99-%E9%8D%B5%E7%9B%A4%E6%98%AF%E7%94%A8%E4%BE%86%E6%89%93%E7%9A%84-071550194.html?movie_id=12804,https://movies.yahoo.com.tw/x/r/w420/i/o/production/movies/March2022/eJLS7BFacgQXl6hbNAAv-1080x1542.jpg,台北in89豪華數位影,台北市萬華區武昌街二段89號,300,"['動作', '冒險', '喜劇']",238908,59009959.0
193,媽的多重宇宙,21:30,87%,https://movies.yahoo.com.tw/video/%E5%AA%BD%E7%9A%84%E5%A4%9A%E9%87%8D%E5%AE%87%E5%AE%99-%E9%8D%B5%E7%9B%A4%E6%98%AF%E7%94%A8%E4%BE%86%E6%89%93%E7%9A%84-071550194.html?movie_id=12804,https://movies.yahoo.com.tw/x/r/w420/i/o/production/movies/March2022/eJLS7BFacgQXl6hbNAAv-1080x1542.jpg,台北in89豪華數位影,台北市萬華區武昌街二段89號,300,"['動作', '冒險', '喜劇']",238908,59009959.0
194,媽的多重宇宙,12:25,87%,https://movies.yahoo.com.tw/video/%E5%AA%BD%E7%9A%84%E5%A4%9A%E9%87%8D%E5%AE%87%E5%AE%99-%E9%8D%B5%E7%9B%A4%E6%98%AF%E7%94%A8%E4%BE%86%E6%89%93%E7%9A%84-071550194.html?movie_id=12804,https://movies.yahoo.com.tw/x/r/w420/i/o/production/movies/March2022/eJLS7BFacgQXl6hbNAAv-1080x1542.jpg,台北新民生戲院,台北市松山區民生東路五段190號3樓,260,"['動作', '冒險', '喜劇']",238908,59009959.0
195,媽的多重宇宙,22:05,87%,https://movies.yahoo.com.tw/video/%E5%AA%BD%E7%9A%84%E5%A4%9A%E9%87%8D%E5%AE%87%E5%AE%99-%E9%8D%B5%E7%9B%A4%E6%98%AF%E7%94%A8%E4%BE%86%E6%89%93%E7%9A%84-071550194.html?movie_id=12804,https://movies.yahoo.com.tw/x/r/w420/i/o/production/movies/March2022/eJLS7BFacgQXl6hbNAAv-1080x1542.jpg,台北新民生戲院,台北市松山區民生東路五段190號3樓,260,"['動作', '冒險', '喜劇']",238908,59009959.0
196,媽的多重宇宙,14:20,87%,https://movies.yahoo.com.tw/video/%E5%AA%BD%E7%9A%84%E5%A4%9A%E9%87%8D%E5%AE%87%E5%AE%99-%E9%8D%B5%E7%9B%A4%E6%98%AF%E7%94%A8%E4%BE%86%E6%89%93%E7%9A%84-071550194.html?movie_id=12804,https://movies.yahoo.com.tw/x/r/w420/i/o/production/movies/March2022/eJLS7BFacgQXl6hbNAAv-1080x1542.jpg,哈拉影城,台北市內湖區康寧路三段72號6樓,290,"['動作', '冒險', '喜劇']",238908,59009959.0
197,媽的多重宇宙,17:00,87%,https://movies.yahoo.com.tw/video/%E5%AA%BD%E7%9A%84%E5%A4%9A%E9%87%8D%E5%AE%87%E5%AE%99-%E9%8D%B5%E7%9B%A4%E6%98%AF%E7%94%A8%E4%BE%86%E6%89%93%E7%9A%84-071550194.html?movie_id=12804,https://movies.yahoo.com.tw/x/r/w420/i/o/production/movies/March2022/eJLS7BFacgQXl6hbNAAv-1080x1542.jpg,哈拉影城,台北市內湖區康寧路三段72號6樓,290,"['動作', '冒險', '喜劇']",238908,59009959.0
198,媽的多重宇宙,11:00,87%,https://movies.yahoo.com.tw/video/%E5%AA%BD%E7%9A%84%E5%A4%9A%E9%87%8D%E5%AE%87%E5%AE%99-%E9%8D%B5%E7%9B%A4%E6%98%AF%E7%94%A8%E4%BE%86%E6%89%93%E7%9A%84-071550194.html?movie_id=12804,https://movies.yahoo.com.tw/x/r/w420/i/o/production/movies/March2022/eJLS7BFacgQXl6hbNAAv-1080x1542.jpg,喜樂時代影城南港店,台北市南港區忠孝東路7段299號,310,"['動作', '冒險', '喜劇']",238908,59009959.0
199,媽的多重宇宙,14:10,87%,https://movies.yahoo.com.tw/video/%E5%AA%BD%E7%9A%84%E5%A4%9A%E9%87%8D%E5%AE%87%E5%AE%99-%E9%8D%B5%E7%9B%A4%E6%98%AF%E7%94%A8%E4%BE%86%E6%89%93%E7%9A%84-071550194.html?movie_id=12804,https://movies.yahoo.com.tw/x/r/w420/i/o/production/movies/March2022/eJLS7BFacgQXl6hbNAAv-1080x1542.jpg,喜樂時代影城南港店,台北市南港區忠孝東路7段299號,310,"['動作', '冒險', '喜劇']",238908,59009959.0
200,媽的多重宇宙,16:50,87%,https://movies.yahoo.com.tw/video/%E5%AA%BD%E7%9A%84%E5%A4%9A%E9%87%8D%E5%AE%87%E5%AE%99-%E9%8D%B5%E7%9B%A4%E6%98%AF%E7%94%A8%E4%BE%86%E6%89%93%E7%9A%84-071550194.html?movie_id=12804,https://movies.yahoo.com.tw/x/r/w420/i/o/production/movies/March2022/eJLS7BFacgQXl6hbNAAv-1080x1542.jpg,喜樂時代影城南港店,台北市南港區忠孝東路7段299號,310,"['動作', '冒險', '喜劇']",238908,59009959.0
201,媽的多重宇宙,19:30,87%,https://movies.yahoo.com.tw/video/%E5%AA%BD%E7%9A%84%E5%A4%9A%E9%87%8D%E5%AE%87%E5%AE%99-%E9%8D%B5%E7%9B%A4%E6%98%AF%E7%94%A8%E4%BE%86%E6%89%93%E7%9A%84-071550194.html?movie_id=12804,https://movies.yahoo.com.tw/x/r/w420/i/o/production/movies/March2022/eJLS7BFacgQXl6hbNAAv-1080x1542.jpg,喜樂時代影城南港店,台北市南港區忠孝東路7段299號,310,"['動作', '冒險', '喜劇']",238908,59009959.0
202,媽的多重宇宙,22:10,87%,https://movies.yahoo.com.tw/video/%E5%AA%BD%E7%9A%84%E5%A4%9A%E9%87%8D%E5%AE%87%E5%AE%99-%E9%8D%B5%E7%9B%A4%E6%98%AF%E7%94%A8%E4%BE%86%E6%89%93%E7%9A%84-071550194.html?movie_id=12804,https://movies.yahoo.com.tw/x/r/w420/i/o/production/movies/March2022/eJLS7BFacgQXl6hbNAAv-1080x1542.jpg,喜樂時代影城南港店,台北市南港區忠孝東路7段299號,310,"['動作', '冒險', '喜劇']",238908,59009959.0
203,空氣殺人,17:00,98%,https://movies.yahoo.com.tw/video/%E7%A9%BA%E6%B0%A3%E6%AE%BA%E4%BA%BA-%E6%83%A1%E4%BA%BA%E7%89%88%E9%A0%90%E5%91%8A-104104483.html?movie_id=13152,https://movies.yahoo.com.tw/x/r/w420/i/o/production/movies/May2022/VKAOVgevov2cZslSSX35-800x1146.jpg,信義威秀,台北市信義區松壽路18號,340,"['劇情', '懸疑/驚悚']",4528,1075237.0
204,空氣殺人,21:50,98%,https://movies.yahoo.com.tw/video/%E7%A9%BA%E6%B0%A3%E6%AE%BA%E4%BA%BA-%E6%83%A1%E4%BA%BA%E7%89%88%E9%A0%90%E5%91%8A-104104483.html?movie_id=13152,https://movies.yahoo.com.tw/x/r/w420/i/o/production/movies/May2022/VKAOVgevov2cZslSSX35-800x1146.jpg,信義威秀,台北市信義區松壽路18號,340,"['劇情', '懸疑/驚悚']",4528,1075237.0
205,空氣殺人,11:55,98%,https://movies.yahoo.com.tw/video/%E7%A9%BA%E6%B0%A3%E6%AE%BA%E4%BA%BA-%E6%83%A1%E4%BA%BA%E7%89%88%E9%A0%90%E5%91%8A-104104483.html?movie_id=13152,https://movies.yahoo.com.tw/x/r/w420/i/o/production/movies/May2022/VKAOVgevov2cZslSSX35-800x1146.jpg,板橋大遠百威秀,新北市板橋區新站路28號10樓,330,"['劇情', '懸疑/驚悚']",4528,1075237.0
206,空氣殺人,11:50,98%,https://movies.yahoo.com.tw/video/%E7%A9%BA%E6%B0%A3%E6%AE%BA%E4%BA%BA-%E6%83%A1%E4%BA%BA%E7%89%88%E9%A0%90%E5%91%8A-104104483.html?movie_id=13152,https://movies.yahoo.com.tw/x/r/w420/i/o/production/movies/May2022/VKAOVgevov2cZslSSX35-800x1146.jpg,京站威秀,台北市大同區市民大道一段209號5樓,340,"['劇情', '懸疑/驚悚']",4528,1075237.0
207,空氣殺人,10:05,98%,https://movies.yahoo.com.tw/video/%E7%A9%BA%E6%B0%A3%E6%AE%BA%E4%BA%BA-%E6%83%A1%E4%BA%BA%E7%89%88%E9%A0%90%E5%91%8A-104104483.html?movie_id=13152,https://movies.yahoo.com.tw/x/r/w420/i/o/production/movies/May2022/VKAOVgevov2cZslSSX35-800x1146.jpg,林口威秀,新北市林口區文化三路一段356號3樓,370,"['劇情', '懸疑/驚悚']",4528,1075237.0
208,空氣殺人,14:55,98%,https://movies.yahoo.com.tw/video/%E7%A9%BA%E6%B0%A3%E6%AE%BA%E4%BA%BA-%E6%83%A1%E4%BA%BA%E7%89%88%E9%A0%90%E5%91%8A-104104483.html?movie_id=13152,https://movies.yahoo.com.tw/x/r/w420/i/o/production/movies/May2022/VKAOVgevov2cZslSSX35-800x1146.jpg,喜樂時代影城南港店,台北市南港區忠孝東路7段299號,310,"['劇情', '懸疑/驚悚']",4528,1075237.0
209,空氣殺人,19:10,98%,https://movies.yahoo.com.tw/video/%E7%A9%BA%E6%B0%A3%E6%AE%BA%E4%BA%BA-%E6%83%A1%E4%BA%BA%E7%89%88%E9%A0%90%E5%91%8A-104104483.html?movie_id=13152,https://movies.yahoo.com.tw/x/r/w420/i/o/production/movies/May2022/VKAOVgevov2cZslSSX35-800x1146.jpg,喜樂時代影城南港店,台北市南港區忠孝東路7段299號,310,"['劇情', '懸疑/驚悚']",4528,1075237.0
210,阿哈：帶我走,09:20,75%,,https://movies.yahoo.com.tw/x/r/w420/i/o/production/movies/April2022/hifG2p8uCfgkJMLXa928-1080x1538.jpg,信義威秀,台北市信義區松壽路18號,340,"['音樂/歌舞', '歷史/傳記', '紀錄片']",881,204091.0
211,阿哈：帶我走,19:35,75%,,https://movies.yahoo.com.tw/x/r/w420/i/o/production/movies/April2022/hifG2p8uCfgkJMLXa928-1080x1538.jpg,喜樂時代影城南港店,台北市南港區忠孝東路7段299號,310,"['音樂/歌舞', '歷史/傳記', '紀錄片']",881,204091.0
212,鹿王,09:45,80%,https://movies.yahoo.com.tw/video/%E9%B9%BF%E7%8E%8B-%E4%B8%AD%E6%96%87%E9%A0%90%E5%91%8A-162216985.html?movie_id=13011,https://movies.yahoo.com.tw/x/r/w420/i/o/production/movies/April2022/JAKAE2vLOWehh060lnPy-1080x1524.jpg,板橋大遠百威秀,新北市板橋區新站路28號10樓,330,"['動畫', '動作', '冒險']",2394,585568.0
213,鹿王,17:05,80%,https://movies.yahoo.com.tw/video/%E9%B9%BF%E7%8E%8B-%E4%B8%AD%E6%96%87%E9%A0%90%E5%91%8A-162216985.html?movie_id=13011,https://movies.yahoo.com.tw/x/r/w420/i/o/production/movies/April2022/JAKAE2vLOWehh060lnPy-1080x1524.jpg,喜滿客絕色影城,台北市萬華區漢中街52號10、11樓,270,"['動畫', '動作', '冒險']",2394,585568.0
214,鹿王,17:20,80%,https://movies.yahoo.com.tw/video/%E9%B9%BF%E7%8E%8B-%E4%B8%AD%E6%96%87%E9%A0%90%E5%91%8A-162216985.html?movie_id=13011,https://movies.yahoo.com.tw/x/r/w420/i/o/production/movies/April2022/JAKAE2vLOWehh060lnPy-1080x1524.jpg,喜樂時代影城南港店,台北市南港區忠孝東路7段299號,310,"['動畫', '動作', '冒險']",2394,585568.0
215,劇場版 咒術迴戰 0,09:40,96%,https://movies.yahoo.com.tw/video/%E5%8A%87%E5%A0%B4%E7%89%88-%E5%92%92%E8%A1%93%E8%BF%B4%E6%88%B0-0-%E5%89%8D%E5%B0%8E%E9%A0%90%E5%91%8A-155846595.html?movie_id=12385,https://movies.yahoo.com.tw/x/r/w420/i/o/production/movies/January2022/I2Sygucd2Fgiv8RyJZGr-1080x1542.jpg,京站威秀,台北市大同區市民大道一段209號5樓,340,"['動畫', '奇幻']",891442,231692330.0
216,電影版 如果30歲還是處男，似乎就能成為魔法師,09:45,98%,https://movies.yahoo.com.tw/video/%E9%9B%BB%E5%BD%B1%E7%89%88-%E5%A6%82%E6%9E%9C30%E6%AD%B2%E9%82%84%E6%98%AF%E8%99%95%E7%94%B7-%E4%BC%BC%E4%B9%8E%E5%B0%B1%E8%83%BD%E6%88%90%E7%82%BA%E9%AD%94%E6%B3%95%E5%B8%AB-%E4%B8%AD%E6%96%87%E9%A0%90%E5%91%8A-023140901.html?movie_id=12791,https://movies.yahoo.com.tw/x/r/w420/i/o/production/movies/March2022/zKLpDTkCEOtqSGQektqi-1080x1543.jpg,京站威秀,台北市大同區市民大道一段209號5樓,340,"['愛情', '劇情']",44275,10678055.0
217,電影版 如果30歲還是處男，似乎就能成為魔法師,14:50,98%,https://movies.yahoo.com.tw/video/%E9%9B%BB%E5%BD%B1%E7%89%88-%E5%A6%82%E6%9E%9C30%E6%AD%B2%E9%82%84%E6%98%AF%E8%99%95%E7%94%B7-%E4%BC%BC%E4%B9%8E%E5%B0%B1%E8%83%BD%E6%88%90%E7%82%BA%E9%AD%94%E6%B3%95%E5%B8%AB-%E4%B8%AD%E6%96%87%E9%A0%90%E5%91%8A-023140901.html?movie_id=12791,https://movies.yahoo.com.tw/x/r/w420/i/o/production/movies/March2022/zKLpDTkCEOtqSGQektqi-1080x1543.jpg,台北樂聲影城,台北市萬華區武昌街二段85號,280,"['愛情', '劇情']",44275,10678055.0
218,電影版 如果30歲還是處男，似乎就能成為魔法師,19:00,98%,https://movies.yahoo.com.tw/video/%E9%9B%BB%E5%BD%B1%E7%89%88-%E5%A6%82%E6%9E%9C30%E6%AD%B2%E9%82%84%E6%98%AF%E8%99%95%E7%94%B7-%E4%BC%BC%E4%B9%8E%E5%B0%B1%E8%83%BD%E6%88%90%E7%82%BA%E9%AD%94%E6%B3%95%E5%B8%AB-%E4%B8%AD%E6%96%87%E9%A0%90%E5%91%8A-023140901.html?movie_id=12791,https://movies.yahoo.com.tw/x/r/w420/i/o/production/movies/March2022/zKLpDTkCEOtqSGQektqi-1080x1543.jpg,台北樂聲影城,台北市萬華區武昌街二段85號,280,"['愛情', '劇情']",44275,10678055.0
219,電影版 如果30歲還是處男，似乎就能成為魔法師,13:25,98%,https://movies.yahoo.com.tw/video/%E9%9B%BB%E5%BD%B1%E7%89%88-%E5%A6%82%E6%9E%9C30%E6%AD%B2%E9%82%84%E6%98%AF%E8%99%95%E7%94%B7-%E4%BC%BC%E4%B9%8E%E5%B0%B1%E8%83%BD%E6%88%90%E7%82%BA%E9%AD%94%E6%B3%95%E5%B8%AB-%E4%B8%AD%E6%96%87%E9%A0%90%E5%91%8A-023140901.html?movie_id=12791,https://movies.yahoo.com.tw/x/r/w420/i/o/production/movies/March2022/zKLpDTkCEOtqSGQektqi-1080x1543.jpg,喜樂時代影城南港店,台北市南港區忠孝東路7段299號,310,"['愛情', '劇情']",44275,10678055.0
220,猛鬼大學：第2學期,16:25,75%,https://movies.yahoo.com.tw/video/%E7%8C%9B%E9%AC%BC%E5%A4%A7%E5%AD%B8-%E7%AC%AC2%E5%AD%B8%E6%9C%9F-%E4%B8%AD%E6%96%87%E9%A0%90%E5%91%8A-062810638.html?movie_id=13162,https://movies.yahoo.com.tw/x/r/w420/i/o/production/movies/April2022/GqsIJtVsyDwQxPKNMSQE-1080x1538.jpg,京站威秀,台北市大同區市民大道一段209號5樓,340,['懸疑/驚悚'],6171,1448960.0
221,猛鬼大學：第2學期,21:45,75%,https://movies.yahoo.com.tw/video/%E7%8C%9B%E9%AC%BC%E5%A4%A7%E5%AD%B8-%E7%AC%AC2%E5%AD%B8%E6%9C%9F-%E4%B8%AD%E6%96%87%E9%A0%90%E5%91%8A-062810638.html?movie_id=13162,https://movies.yahoo.com.tw/x/r/w420/i/o/production/movies/April2022/GqsIJtVsyDwQxPKNMSQE-1080x1538.jpg,喜樂時代影城南港店,台北市南港區忠孝東路7段299號,310,['懸疑/驚悚'],6171,1448960.0
222,超吉任務,09:40,98%,https://movies.yahoo.com.tw/video/%E8%B6%85%E5%90%89%E4%BB%BB%E5%8B%99-%E4%B8%AD%E6%96%87%E9%A0%90%E5%91%8A-160835749.html?movie_id=12890,https://movies.yahoo.com.tw/x/r/w420/i/o/production/movies/March2022/3HIxYQVqyFQ7iMEqNluz-992x1418.jpg,台北樂聲影城,台北市萬華區武昌街二段85號,280,"['動作', '喜劇']",32915,7730502.0
223,超吉任務,16:00,98%,https://movies.yahoo.com.tw/video/%E8%B6%85%E5%90%89%E4%BB%BB%E5%8B%99-%E4%B8%AD%E6%96%87%E9%A0%90%E5%91%8A-160835749.html?movie_id=12890,https://movies.yahoo.com.tw/x/r/w420/i/o/production/movies/March2022/3HIxYQVqyFQ7iMEqNluz-992x1418.jpg,台北樂聲影城,台北市萬華區武昌街二段85號,280,"['動作', '喜劇']",32915,7730502.0
224,超吉任務,21:00,98%,https://movies.yahoo.com.tw/video/%E8%B6%85%E5%90%89%E4%BB%BB%E5%8B%99-%E4%B8%AD%E6%96%87%E9%A0%90%E5%91%8A-160835749.html?movie_id=12890,https://movies.yahoo.com.tw/x/r/w420/i/o/production/movies/March2022/3HIxYQVqyFQ7iMEqNluz-992x1418.jpg,台北樂聲影城,台北市萬華區武昌街二段85號,280,"['動作', '喜劇']",32915,7730502.0
225,超吉任務,21:15,98%,https://movies.yahoo.com.tw/video/%E8%B6%85%E5%90%89%E4%BB%BB%E5%8B%99-%E4%B8%AD%E6%96%87%E9%A0%90%E5%91%8A-160835749.html?movie_id=12890,https://movies.yahoo.com.tw/x/r/w420/i/o/production/movies/March2022/3HIxYQVqyFQ7iMEqNluz-992x1418.jpg,喜樂時代影城南港店,台北市南港區忠孝東路7段299號,310,"['動作', '喜劇']",32915,7730502.0
226,你好，李煥英,12:25,84%,https://movies.yahoo.com.tw/video/%E4%BD%A0%E5%A5%BD-%E6%9D%8E%E7%85%A5%E8%8B%B1-%E4%B8%AD%E6%96%87%E9%A0%90%E5%91%8A-165009728.html?movie_id=12974,https://movies.yahoo.com.tw/x/r/w420/i/o/production/movies/April2022/eKXIbRoM9UftO15llAfY-1080x1542.jpg,台北樂聲影城,台北市萬華區武昌街二段85號,280,"['奇幻', '劇情', '喜劇']",2359,549436.0
227,你好，李煥英,14:00,84%,https://movies.yahoo.com.tw/video/%E4%BD%A0%E5%A5%BD-%E6%9D%8E%E7%85%A5%E8%8B%B1-%E4%B8%AD%E6%96%87%E9%A0%90%E5%91%8A-165009728.html?movie_id=12974,https://movies.yahoo.com.tw/x/r/w420/i/o/production/movies/April2022/eKXIbRoM9UftO15llAfY-1080x1542.jpg,喜樂時代影城南港店,台北市南港區忠孝東路7段299號,310,"['奇幻', '劇情', '喜劇']",2359,549436.0
228,我不是英雄,10:00,100%,https://movies.yahoo.com.tw/video/%E6%88%91%E4%B8%8D%E6%98%AF%E8%8B%B1%E9%9B%84-%E4%B8%AD%E6%96%87%E9%A0%90%E5%91%8A-165009803.html?movie_id=12975,https://movies.yahoo.com.tw/x/r/w420/i/o/production/movies/April2022/loI8WOyhIz42TfPuxJkN-1080x1542.jpg,台北樂聲影城,台北市萬華區武昌街二段85號,280,['劇情'],840,186016.0
229,我不是英雄,18:00,100%,https://movies.yahoo.com.tw/video/%E6%88%91%E4%B8%8D%E6%98%AF%E8%8B%B1%E9%9B%84-%E4%B8%AD%E6%96%87%E9%A0%90%E5%91%8A-165009803.html?movie_id=12975,https://movies.yahoo.com.tw/x/r/w420/i/o/production/movies/April2022/loI8WOyhIz42TfPuxJkN-1080x1542.jpg,台北樂聲影城,台北市萬華區武昌街二段85號,280,['劇情'],840,186016.0
230,邊緣行者,11:40,92%,https://movies.yahoo.com.tw/video/%E9%82%8A%E7%B7%A3%E8%A1%8C%E8%80%85-%E4%B8%AD%E6%96%87%E9%A0%90%E5%91%8A-154600940.html?movie_id=13054,https://movies.yahoo.com.tw/x/r/w420/i/o/production/movies/April2022/ZFmpZJyeoqVpkeG8ir0e-1080x1543.jpg,台北樂聲影城,台北市萬華區武昌街二段85號,280,"['動作', '犯罪']",1263,298324.0
231,該死的阿修羅,21:45,74%,https://movies.yahoo.com.tw/video/%E8%A9%B2%E6%AD%BB%E7%9A%84%E9%98%BF%E4%BF%AE%E7%BE%85-%E6%AD%A3%E5%BC%8F%E9%A0%90%E5%91%8A-090334518.html?movie_id=11636,https://movies.yahoo.com.tw/x/r/w420/i/o/production/movies/February2022/XacVNBaaSrgDzQo0ahBv-1280x1828.jpg,喜樂時代影城南港店,台北市南港區忠孝東路7段299號,310,"['劇情', '犯罪']",16499,3593208.0
232,時代革命,16:35,89%,https://movies.yahoo.com.tw/video/%E6%99%82%E4%BB%A3%E9%9D%A9%E5%91%BD-%E6%AD%A3%E5%BC%8F%E9%A0%90%E5%91%8A-071248118.html?movie_id=12424,https://movies.yahoo.com.tw/x/r/w420/i/o/production/movies/January2022/HoXRCNL5sTQS32WmlFZ9-1080x1543.jpg,喜樂時代影城南港店,台北市南港區忠孝東路7段299號,310,['紀錄片'],106863,26712888.0
233,頭七,21:30,88%,https://movies.yahoo.com.tw/video/%E9%A0%AD%E4%B8%83-%E8%B6%85%E5%89%8D%E5%B0%8E%E9%A0%90%E5%91%8A-134359822.html?movie_id=12430,https://movies.yahoo.com.tw/x/r/w420/i/o/production/movies/March2022/5TYtQSNnyRiSvYk71qhC-1280x1850.jpg,喜樂時代影城南港店,台北市南港區忠孝東路7段299號,310,"['恐怖', '懸疑/驚悚']",120091,27442996.0
234,售命,21:50,76%,https://movies.yahoo.com.tw/video/%E5%94%AE%E5%91%BD-%E9%AD%AF%E8%9B%87%E7%AF%87-061641603.html?movie_id=12667,https://movies.yahoo.com.tw/x/r/w420/i/o/production/movies/March2022/3FoVA64X6Zu1uLAlZ2qo-1080x1537.jpg,喜樂時代影城南港店,台北市南港區忠孝東路7段299號,310,"['動作', '犯罪']",16151,2871914.0
235,記憶殺神,19:20,82%,https://movies.yahoo.com.tw/video/%E8%A8%98%E6%86%B6%E6%AE%BA%E7%A5%9E-%E4%B8%AD%E6%96%87%E9%A0%90%E5%91%8A-083310183.html?movie_id=12892,https://movies.yahoo.com.tw/x/r/w420/i/o/production/movies/April2022/RnDSVNsn5ihsXbNYhoJc-1080x1542.jpg,喜樂時代影城南港店,台北市南港區忠孝東路7段299號,310,"['動作', '懸疑/驚悚']",17478,4081479.0
236,燃燒的劍,16:45,98%,https://movies.yahoo.com.tw/video/%E7%87%83%E7%87%92%E7%9A%84%E5%8A%8D-%E5%89%8D%E5%B0%8E%E9%A0%90%E5%91%8A-151046509.html?movie_id=12900,https://movies.yahoo.com.tw/x/r/w420/i/o/production/movies/March2022/OqQ6nJhMDHtjgEDQLEJE-1080x1543.jpg,喜樂時代影城南港店,台北市南港區忠孝東路7段299號,310,"['歷史/傳記', '動作', '劇情']",3726,847596.0
237,死間行動,16:00,100%,https://movies.yahoo.com.tw/video/%E6%AD%BB%E9%96%93%E8%A1%8C%E5%8B%95-%E4%B8%AD%E6%96%87%E9%A0%90%E5%91%8A-155032550.html?movie_id=12904,https://movies.yahoo.com.tw/x/r/w420/i/o/production/movies/March2022/4wJA4Toa1HoKyZvVCfVP-1080x1542.jpg,喜樂時代影城南港店,台北市南港區忠孝東路7段299號,310,"['戰爭', '劇情']",8295,1896613.0
238,漁港的肉子,17:35,67%,https://movies.yahoo.com.tw/video/%E6%BC%81%E6%B8%AF%E7%9A%84%E8%82%89%E5%AD%90-%E4%B8%AD%E6%96%87%E9%A0%90%E5%91%8A-071449345.html?movie_id=12973,https://movies.yahoo.com.tw/x/r/w420/i/o/production/movies/April2022/RbVTCHgTnAY8sYmSSGlX-1080x1519.jpg,喜樂時代影城南港店,台北市南港區忠孝東路7段299號,310,['動畫'],2127,501940.0
239,死亡預報,17:00,94%,https://movies.yahoo.com.tw/video/%E6%AD%BB%E4%BA%A1%E9%A0%90%E5%A0%B1-%E4%B8%AD%E6%96%87%E9%A0%90%E5%91%8A-165009335.html?movie_id=13055,https://movies.yahoo.com.tw/x/r/w420/i/o/production/movies/April2022/blQvsIUDN6dq1m0135sb-1080x1543.JPG,喜樂時代影城南港店,台北市南港區忠孝東路7段299號,310,['懸疑/驚悚'],2868,667926.0
240,鯊顫,20:40,50%,https://movies.yahoo.com.tw/video/%E9%AF%8A%E9%A1%AB-%E8%A3%BD%E4%BD%9C%E7%AF%87-142029284.html?movie_id=13077,https://movies.yahoo.com.tw/x/r/w420/i/o/production/movies/April2022/YWYdrtFluudRhvjnUKLr-1080x1544.jpg,喜樂時代影城南港店,台北市南港區忠孝東路7段299號,310,['懸疑/驚悚'],3149,737788.0
241,柏格曼的島,17:00,0%,https://movies.yahoo.com.tw/video/%E6%9F%8F%E6%A0%BC%E6%9B%BC%E7%9A%84%E5%B3%B6-%E4%B8%AD%E6%96%87%E9%A0%90%E5%91%8A-151426249.html?movie_id=13191,https://movies.yahoo.com.tw/x/r/w420/i/o/production/movies/April2022/MFyZxN7c7iJ2YiH0nBSW-1080x1536.jpg,喜樂時代影城南港店,台北市南港區忠孝東路7段299號,310,['劇情'],1128,247258.0
242,親愛的童伴,18:40,100%,https://movies.yahoo.com.tw/video/%E8%A6%AA%E6%84%9B%E7%9A%84%E7%AB%A5%E4%BC%B4-%E4%B8%AD%E6%96%87%E9%A0%90%E5%91%8A-133136782.html?movie_id=13214,https://movies.yahoo.com.tw/x/r/w420/i/o/production/movies/May2022/YGUENvRxfkTBl1Y7Lat5-1080x1538.jpg,喜樂時代影城南港店,台北市南港區忠孝東路7段299號,310,"['奇幻', '劇情']",1123,249923.0
